# vtk DataFile Version 2.0
GASDIN data file
ASCII
DATASET UNSTRUCTURED_GRID
POINTS 4144 float
0.000000 0.000000 0.000000  0.600000 0.000000 0.000000  0.600000 0.200000 0.000000  3.000000 0.200000 0.000000  3.000000 1.000000 0.000000  0.000000 1.000000 0.000000  0.350000 0.000000 0.000000  0.475000 0.000000 0.000000  0.600000 0.100000 0.000000  0.537500 0.000000 0.000000  0.506250 0.089063 0.000000  0.600000 0.050000 0.000000  0.568750 0.000000 0.000000  0.553125 0.044531 0.000000  0.584375 0.025000 0.000000  0.576562 0.047266 0.000000  0.585205 0.075000 0.000000  0.562394 0.066895 0.000000  0.561345 0.105998 0.000000  0.530063 0.067193 0.000000  0.560937 0.022266 0.000000  0.535308 0.025776 0.000000  0.506250 0.000000 0.000000  0.579473 0.095270 0.000000  0.600000 0.150000 0.000000  0.583823 0.123300 0.000000  0.544579 0.165328 0.000000  0.555793 0.136463 0.000000  0.572853 0.159701 0.000000  0.509616 0.135135 0.000000  0.600000 0.175000 0.000000  0.575071 0.187500 0.000000  0.533256 0.116618 0.000000  0.532468 0.144013 0.000000  0.508565 0.171692 0.000000  0.510497 0.111911 0.000000  0.468888 0.121962 0.000000  0.486693 0.104517 0.000000  0.446866 0.081676 0.000000  0.478039 0.073464 0.000000  0.463558 0.098713 0.000000  0.425010 0.119785 0.000000  0.441312 0.103813 0.000000  0.404846 0.082899 0.000000  0.539767 0.091381 0.000000  0.561863 0.265016 0.000000  0.577338 0.214088 0.000000  0.212965 0.660603 0.000000  0.534457 0.207512 0.000000  0.628228 0.226508 0.000000  0.095860 0.685793 0.000000  0.536524 0.327473 0.000000  0.128008 0.649252 0.000000  0.136646 0.572149 0.000000  0.528265 0.240879 0.000000  0.557183 0.202415 0.000000  0.481467 0.152619 0.000000  0.505557 0.064409 0.000000  0.529304 0.183969 0.000000  0.504827 0.201662 0.000000  0.480092 0.183359 0.000000  0.516322 0.221405 0.000000  0.487771 0.252315 0.000000  0.488526 0.224371 0.000000  0.435918 0.165984 0.000000  0.460982 0.167104 0.000000  0.446815 0.203122 0.000000  0.449554 0.141839 0.000000  0.455588 0.237463 0.000000  0.545829 0.226881 0.000000  0.488146 0.131970 0.000000  0.501326 0.153190 0.000000  0.490625 0.035440 0.000000  0.458011 0.060709 0.000000  0.412500 0.000000 0.000000  0.512675 0.263089 0.000000  0.773049 0.242384 0.000000  1.500000 1.000000 0.000000  0.175885 0.609263 0.000000  0.200296 0.523474 0.000000  0.032276 0.763547 0.000000  0.656250 0.221434 0.000000  0.571651 0.285978 0.000000  0.502616 0.318867 0.000000  0.466301 0.216435 0.000000  0.134407 0.093698 0.000000  0.490625 0.014276 0.000000  0.512361 0.022377 0.000000  0.470593 0.024858 0.000000  0.520740 0.044972 0.000000  0.425110 0.056666 0.000000  0.443750 0.000000 0.000000  0.460439 0.269245 0.000000  0.000000 0.781250 0.000000  0.423184 0.227450 0.000000  0.425734 0.078091 0.000000  0.419512 0.098836 0.000000  0.383927 0.116866 0.000000  0.377895 0.041137 0.000000  0.444374 0.035790 0.000000  0.416021 0.028953 0.000000  0.433645 0.018077 0.000000  0.401444 0.049081 0.000000  0.381905 0.068127 0.000000  0.361377 0.057384 0.000000  0.382427 0.092517 0.000000  0.340013 0.107351 0.000000  0.354568 0.080913 0.000000  0.363312 0.105915 0.000000  0.000000 0.500000 0.000000  0.381250 0.000000 0.000000  0.338497 0.063512 0.000000  0.350430 0.029735 0.000000  0.333867 0.086742 0.000000  0.175000 0.000000 0.000000  0.342055 0.186736 0.000000  0.370638 0.019840 0.000000  0.262500 0.000000 0.000000  0.142187 0.027402 0.000000  0.394268 0.019721 0.000000  0.299799 0.067876 0.000000  0.306250 0.000000 0.000000  0.328125 0.015187 0.000000  0.299153 0.033570 0.000000  0.464963 0.293492 0.000000  0.104681 0.026563 0.000000  0.442920 0.285059 0.000000  0.172885 0.068300 0.000000  0.043750 0.000000 0.000000  0.400867 0.245195 0.000000  0.124649 0.071805 0.000000  0.196485 0.078773 0.000000  0.127895 0.048056 0.000000  0.407860 0.331136 0.000000  0.393204 0.304414 0.000000  0.354410 0.148602 0.000000  0.509537 0.390585 0.000000  0.373733 0.350941 0.000000  0.442454 0.222527 0.000000  0.396057 0.189778 0.000000  0.343513 0.128901 0.000000  0.365554 0.129040 0.000000  0.394379 0.152592 0.000000  0.244790 0.077202 0.000000  0.322561 0.116437 0.000000  0.222300 0.078284 0.000000  0.304516 0.629951 0.000000  0.119945 0.111397 0.000000  0.312193 0.085687 0.000000  0.287889 0.089382 0.000000  0.255720 0.057517 0.000000  0.276298 0.068912 0.000000  0.176489 0.655054 0.000000  0.276618 0.044058 0.000000  0.355435 0.249496 0.000000  0.218750 0.000000 0.000000  0.278709 0.019097 0.000000  0.375000 1.000000 0.000000  0.376803 0.233100 0.000000  0.000000 0.250000 0.000000  0.353162 0.343757 0.000000  0.548530 0.285184 0.000000  0.378375 0.289147 0.000000  0.437177 0.339464 0.000000  0.252436 0.029464 0.000000  0.226311 0.046741 0.000000  0.240625 0.000000 0.000000  0.229687 0.021484 0.000000  0.194901 0.029687 0.000000  0.324357 0.041271 0.000000  0.245807 0.099694 0.000000  0.314037 0.158068 0.000000  0.524411 0.283510 0.000000  0.109375 0.000000 0.000000  0.178448 0.045889 0.000000  0.364783 0.182820 0.000000  0.420250 0.200960 0.000000  0.419719 0.289388 0.000000  0.098818 0.056178 0.000000  0.416128 0.178116 0.000000  0.173142 0.110536 0.000000  0.425993 0.258673 0.000000  0.196875 0.000000 0.000000  0.149875 0.075286 0.000000  0.393694 0.274372 0.000000  0.087500 0.000000 0.000000  0.000000 0.125000 0.000000  0.378731 0.329733 0.000000  0.171480 0.023874 0.000000  0.131250 0.000000 0.000000  0.153125 0.000000 0.000000  0.202249 0.053605 0.000000  0.398247 0.216804 0.000000  0.367400 0.309538 0.000000  0.210050 0.113201 0.000000  0.534123 0.350416 0.000000  0.368076 0.205646 0.000000  0.445903 0.255203 0.000000  0.422521 0.312742 0.000000  0.152787 0.051416 0.000000  0.123614 0.018931 0.000000  0.373016 0.161276 0.000000  0.445912 0.310265 0.000000  0.590950 0.298736 0.000000  0.357095 0.288800 0.000000  0.106655 0.092945 0.000000  0.377954 0.256722 0.000000  0.331254 0.314570 0.000000  0.332232 0.381788 0.000000  0.311223 0.370547 0.000000  0.332712 0.357965 0.000000  0.306089 0.337137 0.000000  0.192434 0.100255 0.000000  0.225063 0.098861 0.000000  0.234453 0.123719 0.000000  0.275107 0.128238 0.000000  0.203606 0.161720 0.000000  0.255556 0.118997 0.000000  0.268297 0.100450 0.000000  0.251878 0.152082 0.000000  0.213670 0.138369 0.000000  0.228043 0.158408 0.000000  0.183324 0.139134 0.000000  0.251176 0.197498 0.000000  0.245122 0.174691 0.000000  0.281216 0.173162 0.000000  0.216118 0.194596 0.000000  0.137612 0.139298 0.000000  0.160439 0.131170 0.000000  0.160570 0.167658 0.000000  0.142200 0.116063 0.000000  0.098717 0.119548 0.000000  0.181591 0.161089 0.000000  0.191923 0.184985 0.000000  0.186983 0.232683 0.000000  0.196180 0.209531 0.000000  0.230462 0.234525 0.000000  0.156521 0.207180 0.000000  0.208960 0.228010 0.000000  0.208162 0.269385 0.000000  0.085875 0.038228 0.000000  0.069567 0.063629 0.000000  0.088689 0.077556 0.000000  0.054439 0.104491 0.000000  0.000000 0.062500 0.000000  0.034921 0.054589 0.000000  0.337370 0.220541 0.000000  0.350810 0.322707 0.000000  0.313529 0.270953 0.000000  0.328126 0.336397 0.000000  0.274784 0.151160 0.000000  0.296981 0.140010 0.000000  0.296796 0.114144 0.000000  0.309213 0.190808 0.000000  0.232385 0.211293 0.000000  0.256921 0.225019 0.000000  0.281506 0.205527 0.000000  0.260542 0.276676 0.000000  0.251447 0.251358 0.000000  0.287548 0.245124 0.000000  0.234534 0.271727 0.000000  0.238764 0.320307 0.000000  0.218951 0.297558 0.000000  0.244054 0.295697 0.000000  0.279509 0.309774 0.000000  0.188530 0.344056 0.000000  0.171367 0.299628 0.000000  0.210298 0.325097 0.000000  0.194813 0.290649 0.000000  0.171287 0.264315 0.000000  0.233023 0.373165 0.000000  0.186214 0.319422 0.000000  0.143701 0.335844 0.000000  0.162641 0.321638 0.000000  0.127987 0.295165 0.000000  0.214881 0.352336 0.000000  0.241625 0.347359 0.000000  0.187028 0.394910 0.000000  0.263361 0.331383 0.000000  0.272123 0.371861 0.000000  0.194951 0.369695 0.000000  0.285184 0.330853 0.000000  0.301282 0.315215 0.000000  0.289389 0.354776 0.000000  0.296033 0.289938 0.000000  0.319444 0.293959 0.000000  0.262354 0.352788 0.000000  0.156895 0.371590 0.000000  0.169494 0.188541 0.000000  0.146187 0.186153 0.000000  0.136432 0.163726 0.000000  0.114079 0.214986 0.000000  0.107668 0.150093 0.000000  0.116721 0.185634 0.000000  0.063367 0.195627 0.000000  0.091453 0.198155 0.000000  0.072929 0.246679 0.000000  0.080052 0.167542 0.000000  0.075348 0.219805 0.000000  0.096940 0.235294 0.000000  0.047166 0.078567 0.000000  0.134267 0.249410 0.000000  0.099593 0.271903 0.000000  0.057222 0.231719 0.000000  0.091965 0.310174 0.000000  0.000000 0.187500 0.000000  0.068137 0.086666 0.000000  0.077842 0.108301 0.000000  0.075276 0.138058 0.000000  0.000000 0.093750 0.000000  0.035563 0.159620 0.000000  0.059195 0.155792 0.000000  0.043120 0.131411 0.000000  0.000000 0.156250 0.000000  0.019766 0.140271 0.000000  0.000000 0.031250 0.000000  0.327586 0.246758 0.000000  0.308435 0.224677 0.000000  0.300961 0.172866 0.000000  0.324084 0.176274 0.000000  0.335359 0.158177 0.000000  0.324793 0.139461 0.000000  0.327263 0.201913 0.000000  0.277976 0.226325 0.000000  0.191410 0.254590 0.000000  0.151259 0.282017 0.000000  0.148476 0.304262 0.000000  0.130263 0.317660 0.000000  0.104747 0.350574 0.000000  0.070270 0.276196 0.000000  0.118102 0.132108 0.000000  0.101325 0.170632 0.000000  0.159973 0.238990 0.000000  0.111719 0.252624 0.000000  0.125924 0.271573 0.000000  0.045899 0.259332 0.000000  0.000000 0.375000 0.000000  0.000000 0.312500 0.000000  0.020997 0.078125 0.000000  0.027106 0.236148 0.000000  0.000000 0.218750 0.000000  0.038643 0.209986 0.000000  0.040431 0.184600 0.000000  0.020928 0.195982 0.000000  0.017816 0.173603 0.000000  0.023527 0.114976 0.000000  0.057728 0.038092 0.000000  0.031649 0.026051 0.000000  0.071897 0.018485 0.000000  0.021875 0.000000 0.000000  0.014817 0.046875 0.000000  0.087167 0.289322 0.000000  0.072611 0.338519 0.000000  0.093408 0.331939 0.000000  0.067309 0.401515 0.000000  0.060288 0.306485 0.000000  0.078844 0.370765 0.000000  0.032736 0.335471 0.000000  0.117630 0.393812 0.000000  0.053397 0.327523 0.000000  0.051431 0.353242 0.000000  0.034702 0.309752 0.000000  0.000000 0.343750 0.000000  0.044606 0.285498 0.000000  0.000000 0.281250 0.000000  0.023449 0.271338 0.000000  0.018997 0.293497 0.000000  0.024971 0.362360 0.000000  0.046416 0.381639 0.000000  0.000000 0.437500 0.000000  0.032445 0.417245 0.000000  0.046676 0.402285 0.000000  0.057939 0.427248 0.000000  0.000000 0.406250 0.000000  0.032776 0.453889 0.000000  0.096942 0.426878 0.000000  0.022319 0.392268 0.000000  0.077371 0.419751 0.000000  0.092733 0.399382 0.000000  0.077653 0.449414 0.000000  0.055019 0.449694 0.000000  0.066832 0.489676 0.000000  0.047993 0.473506 0.000000  0.000000 0.750000 0.000000  0.000000 0.468750 0.000000  0.127247 0.472340 0.000000  0.105683 0.453883 0.000000  0.136886 0.428865 0.000000  0.098071 0.484602 0.000000  0.127953 0.449690 0.000000  0.167752 0.462265 0.000000  0.150657 0.447101 0.000000  0.167496 0.420068 0.000000  0.102740 0.374710 0.000000  0.129335 0.364770 0.000000  0.013463 0.328125 0.000000  0.021401 0.435668 0.000000  0.000000 0.625000 0.000000  0.079929 0.471611 0.000000  0.145533 0.401299 0.000000  0.220230 0.440848 0.000000  0.134396 0.530192 0.000000  0.021656 0.484375 0.000000  0.042897 0.498503 0.000000  0.070512 0.536520 0.000000  0.062066 0.513617 0.000000  0.085489 0.505836 0.000000  0.000000 0.562500 0.000000  0.114570 0.508723 0.000000  0.000000 0.531250 0.000000  0.146246 0.499360 0.000000  0.103039 0.539261 0.000000  0.165316 0.391838 0.000000  0.196905 0.422739 0.000000  0.217465 0.399775 0.000000  0.193726 0.450909 0.000000  0.213255 0.379460 0.000000  0.253591 0.403043 0.000000  0.502185 0.294663 0.000000  0.173980 0.441128 0.000000  0.236295 0.392931 0.000000  0.252824 0.380041 0.000000  0.234171 0.416412 0.000000  0.318534 0.403614 0.000000  0.192772 0.484110 0.000000  0.215186 0.467501 0.000000  0.244197 0.438327 0.000000  0.332834 0.432118 0.000000  0.127047 0.492670 0.000000  0.149826 0.476654 0.000000  0.169390 0.491374 0.000000  0.593704 0.273595 0.000000  0.166391 0.520211 0.000000  0.088777 0.630530 0.000000  0.509510 0.343489 0.000000  0.217529 0.494092 0.000000  0.105933 0.734157 0.000000  0.124849 0.592012 0.000000  0.532090 0.427338 0.000000  0.229821 0.853303 0.000000  0.054388 0.741370 0.000000  0.157540 0.639186 0.000000  0.488491 0.367049 0.000000  0.188176 0.633276 0.000000  0.469122 0.317421 0.000000  0.825000 0.200000 0.000000  0.100605 0.656209 0.000000  0.148074 0.552071 0.000000  0.058430 0.669154 0.000000  0.072073 0.698184 0.000000  0.450166 0.376822 0.000000  0.114813 0.564598 0.000000  0.516165 0.367033 0.000000  0.554602 0.390559 0.000000  0.118575 0.713102 0.000000  0.224598 0.599482 0.000000  0.070328 0.590469 0.000000  0.084642 0.563214 0.000000  0.079554 0.733430 0.000000  0.096153 0.586646 0.000000  0.104342 0.612790 0.000000  0.051951 0.563431 0.000000  0.072640 0.652048 0.000000  0.750000 1.000000 0.000000  0.152858 0.595212 0.000000  0.067003 0.621427 0.000000  0.272894 0.454124 0.000000  0.485172 0.335651 0.000000  0.523746 0.307053 0.000000  0.000000 0.687500 0.000000  0.036194 0.669515 0.000000  0.083459 0.607536 0.000000  0.032373 0.602050 0.000000  0.045077 0.641293 0.000000  0.053820 0.604354 0.000000  0.045132 0.584247 0.000000  0.000000 0.593750 0.000000  0.025913 0.566426 0.000000  0.000000 0.656250 0.000000  0.024214 0.624850 0.000000  0.022460 0.648533 0.000000  0.087781 0.525952 0.000000  0.292817 0.405257 0.000000  0.633302 0.267940 0.000000  0.132716 0.620285 0.000000  0.140355 0.701757 0.000000  0.049704 0.542025 0.000000  0.019228 0.586036 0.000000  0.014801 0.671875 0.000000  0.028718 0.699880 0.000000  0.273780 0.393944 0.000000  0.272429 0.417891 0.000000  0.558851 0.321671 0.000000  0.337125 0.690800 0.000000  0.705243 0.221409 0.000000  0.391715 0.363248 0.000000  0.248026 0.478006 0.000000  0.344272 0.402350 0.000000  0.292930 0.428208 0.000000  0.305019 0.447718 0.000000  0.119152 0.773888 0.000000  0.047135 0.688312 0.000000  0.048322 0.710645 0.000000  0.416722 0.355707 0.000000  0.000000 0.718750 0.000000  0.026308 0.727501 0.000000  0.356483 0.370359 0.000000  0.537280 0.263784 0.000000  0.000000 0.875000 0.000000  0.177953 0.582368 0.000000  0.000000 0.812500 0.000000  0.154627 0.617260 0.000000  0.094076 0.711395 0.000000  0.343824 0.732692 0.000000  0.484356 0.277328 0.000000  0.062433 0.875637 0.000000  0.415050 0.395397 0.000000  0.630420 0.290339 0.000000  0.671568 0.284247 0.000000  0.617043 0.252267 0.000000  1.200000 0.200000 0.000000  0.313487 0.423985 0.000000  0.264110 0.436117 0.000000  0.683112 0.226014 0.000000  0.123698 0.677872 0.000000  0.020230 0.747024 0.000000  0.703621 0.243955 0.000000  0.063332 0.813380 0.000000  0.233422 0.515540 0.000000  0.532066 0.384217 0.000000  0.563639 0.241831 0.000000  0.600163 0.225533 0.000000  1.800000 0.200000 0.000000  0.585534 0.249660 0.000000  0.900000 0.200000 0.000000  0.750000 0.200000 0.000000  0.675000 0.200000 0.000000  0.637500 0.200000 0.000000  0.226493 0.631510 0.000000  0.161030 0.691025 0.000000  0.646942 0.249942 0.000000  0.544805 0.305941 0.000000  0.201621 0.611242 0.000000  0.731250 0.218290 0.000000  0.676102 0.254720 0.000000  0.712500 0.200000 0.000000  0.151485 0.669776 0.000000  0.755547 0.224442 0.000000  0.787500 0.200000 0.000000  0.738680 0.258403 0.000000  0.777719 0.220321 0.000000  0.806250 0.221539 0.000000  0.699270 0.273390 0.000000  0.853807 0.244008 0.000000  0.717108 0.260988 0.000000  0.725584 0.240420 0.000000  0.730174 0.298811 0.000000  0.833197 0.226067 0.000000  0.696808 0.307878 0.000000  0.862500 0.200000 0.000000  0.812885 0.270209 0.000000  0.855333 0.221447 0.000000  0.881250 0.218187 0.000000  0.922865 0.242332 0.000000  1.050000 0.200000 0.000000  0.975000 0.200000 0.000000  0.905462 0.224390 0.000000  0.937500 0.200000 0.000000  0.888698 0.258062 0.000000  0.816166 0.244974 0.000000  0.793933 0.254914 0.000000  0.776294 0.296158 0.000000  0.770984 0.269493 0.000000  0.791775 0.279214 0.000000  0.814071 0.315129 0.000000  0.752632 0.287009 0.000000  0.754393 0.317628 0.000000  0.721934 0.334411 0.000000  0.784660 0.326597 0.000000  0.734284 0.318516 0.000000  0.745299 0.339820 0.000000  0.724028 0.378535 0.000000  0.729204 0.356178 0.000000  0.766249 0.376531 0.000000  0.686983 0.358182 0.000000  0.464676 0.353692 0.000000  0.457242 0.334373 0.000000  0.476269 0.399156 0.000000  0.383148 0.434368 0.000000  0.379524 0.397481 0.000000  0.235959 0.459146 0.000000  0.300236 0.507484 0.000000  0.180671 0.549617 0.000000  0.055984 0.765073 0.000000  0.149578 0.746039 0.000000  0.042734 0.785996 0.000000  0.026034 0.806773 0.000000  0.283851 0.652466 0.000000  0.000000 0.843750 0.000000  0.040061 0.827485 0.000000  0.233472 0.680018 0.000000  0.225883 0.557182 0.000000  0.207706 0.640466 0.000000  0.202803 0.702797 0.000000  0.308905 0.654722 0.000000  0.012423 0.765625 0.000000  0.021177 0.785336 0.000000  0.710275 0.291507 0.000000  0.656647 0.325480 0.000000  0.817363 0.367016 0.000000  0.695978 0.333827 0.000000  0.707850 0.352050 0.000000  0.702770 0.373337 0.000000  0.704185 0.413621 0.000000  0.668010 0.393746 0.000000  0.674197 0.339621 0.000000  0.657100 0.365083 0.000000  0.611743 0.398756 0.000000  0.639170 0.388316 0.000000  0.643964 0.442157 0.000000  0.607890 0.347386 0.000000  0.633974 0.415912 0.000000  0.617449 0.372498 0.000000  0.661236 0.420559 0.000000  0.592445 0.446744 0.000000  0.585378 0.379278 0.000000  0.634094 0.351787 0.000000  0.681807 0.411494 0.000000  0.689225 0.452228 0.000000  0.608861 0.425471 0.000000  0.625668 0.321742 0.000000  0.667472 0.443251 0.000000  0.653778 0.484377 0.000000  0.670375 0.467060 0.000000  0.706093 0.493060 0.000000  0.679346 0.492270 0.000000  0.618702 0.450036 0.000000  0.575932 0.417029 0.000000  0.599931 0.322883 0.000000  0.578770 0.343301 0.000000  0.693257 0.474463 0.000000  0.732644 0.461007 0.000000  0.691319 0.540080 0.000000  0.637512 0.465907 0.000000  0.612904 0.503978 0.000000  0.612358 0.476637 0.000000  0.591331 0.359589 0.000000  0.569224 0.363650 0.000000  0.556168 0.345111 0.000000  0.655670 0.523603 0.000000  0.692075 0.514487 0.000000  0.737067 0.528624 0.000000  0.712577 0.527901 0.000000  0.723540 0.571676 0.000000  0.711885 0.551334 0.000000  0.681652 0.582166 0.000000  0.631307 0.489935 0.000000  0.634537 0.513247 0.000000  0.626744 0.555889 0.000000  0.613909 0.531510 0.000000  0.564163 0.491274 0.000000  0.590325 0.490752 0.000000  0.589159 0.518629 0.000000  0.576786 0.468045 0.000000  0.581085 0.564359 0.000000  0.540271 0.463247 0.000000  0.564672 0.442733 0.000000  0.592324 0.542766 0.000000  0.552426 0.535722 0.000000  0.554158 0.422809 0.000000  0.471079 0.378801 0.000000  0.499848 0.421827 0.000000  0.444917 0.409379 0.000000  0.358366 0.424847 0.000000  0.356493 0.466731 0.000000  0.350440 0.445476 0.000000  0.328549 0.463200 0.000000  0.338037 0.500459 0.000000  0.302236 0.477569 0.000000  0.340627 0.479962 0.000000  0.365366 0.493500 0.000000  0.320863 0.487877 0.000000  0.275235 0.490789 0.000000  0.392866 0.469530 0.000000  0.364038 0.545426 0.000000  0.268763 0.527549 0.000000  0.253484 0.501738 0.000000  0.282725 0.471903 0.000000  0.357379 0.519276 0.000000  0.280085 0.510593 0.000000  0.293694 0.531939 0.000000  0.323374 0.526776 0.000000  0.273446 0.573940 0.000000  0.277647 0.550084 0.000000  0.315086 0.567026 0.000000  0.252354 0.557928 0.000000  0.407066 0.520546 0.000000  0.311302 0.545268 0.000000  0.337658 0.549289 0.000000  0.248249 0.585233 0.000000  0.239665 0.538173 0.000000  0.382043 0.526918 0.000000  0.405850 0.568090 0.000000  0.388141 0.550861 0.000000  0.366454 0.590870 0.000000  0.371655 0.567808 0.000000  0.346145 0.574173 0.000000  0.279928 0.622158 0.000000  0.249509 0.614078 0.000000  0.327278 0.617818 0.000000  0.254371 0.644408 0.000000  0.342990 0.598709 0.000000  0.163018 0.720138 0.000000  0.317068 0.593409 0.000000  0.350366 0.620787 0.000000  0.316222 0.700475 0.000000  0.086569 0.763255 0.000000  0.129431 0.733943 0.000000  0.086449 0.799023 0.000000  0.319016 0.676566 0.000000  0.296131 0.581716 0.000000  0.296644 0.605388 0.000000  0.273008 0.598543 0.000000  0.271251 0.728394 0.000000  0.333891 0.657642 0.000000  0.066428 0.786344 0.000000  0.179816 0.704366 0.000000  0.183450 0.679353 0.000000  0.261476 0.676372 0.000000  0.193509 0.735781 0.000000  0.360002 0.693474 0.000000  0.233250 0.741246 0.000000  0.235541 0.657295 0.000000  0.310891 0.732974 0.000000  0.205251 0.681065 0.000000  0.289631 0.707822 0.000000  0.086604 0.825061 0.000000  0.250999 0.705270 0.000000  0.271000 0.696173 0.000000  0.226941 0.703260 0.000000  0.249585 0.726939 0.000000  0.360562 0.390242 0.000000  0.376096 0.376696 0.000000  0.396052 0.384079 0.000000  0.398332 0.414255 0.000000  0.416805 0.443989 0.000000  0.165426 0.564840 0.000000  0.016989 0.828125 0.000000  0.016048 0.859375 0.000000  0.067308 0.846188 0.000000  0.293949 0.680575 0.000000  0.122301 0.811829 0.000000  0.258665 0.753784 0.000000  0.288519 0.752769 0.000000  0.223731 0.792567 0.000000  0.327714 0.774527 0.000000  0.235728 0.768249 0.000000  0.275313 0.803905 0.000000  0.311961 0.756723 0.000000  0.298749 0.784284 0.000000  0.202945 0.767194 0.000000  0.251121 0.790962 0.000000  0.321813 0.835639 0.000000  0.298119 0.849260 0.000000  0.303039 0.813214 0.000000  0.238736 0.814111 0.000000  0.271028 0.845651 0.000000  0.187500 1.000000 0.000000  0.185079 0.796528 0.000000  0.334417 0.806015 0.000000  0.270731 0.868457 0.000000  0.283199 0.826362 0.000000  0.259365 0.826051 0.000000  0.200871 0.567782 0.000000  0.204964 0.589448 0.000000  0.206203 0.545555 0.000000  0.672952 0.308064 0.000000  0.650099 0.303009 0.000000  0.650165 0.281421 0.000000  0.807451 0.341597 0.000000  0.852296 0.338752 0.000000  0.790169 0.362978 0.000000  0.830327 0.347319 0.000000  0.854755 0.377511 0.000000  0.797899 0.404507 0.000000  0.767770 0.351329 0.000000  0.786888 0.385073 0.000000  0.764158 0.410788 0.000000  0.612636 0.303709 0.000000  0.574254 0.396552 0.000000  0.547467 0.368192 0.000000  0.544422 0.443415 0.000000  0.520742 0.448809 0.000000  0.504913 0.490646 0.000000  0.518728 0.471960 0.000000  0.538228 0.489186 0.000000  0.480130 0.457874 0.000000  0.549509 0.511178 0.000000  0.514859 0.527741 0.000000  0.518385 0.410452 0.000000  0.435258 0.391120 0.000000  0.375663 0.455361 0.000000  0.392672 0.497068 0.000000  0.433457 0.483586 0.000000  0.415921 0.498966 0.000000  0.449748 0.525453 0.000000  0.397039 0.449453 0.000000  0.422467 0.419866 0.000000  0.444502 0.437764 0.000000  0.434881 0.459687 0.000000  0.458078 0.473061 0.000000  0.481105 0.482894 0.000000  0.483394 0.516297 0.000000  0.460085 0.500238 0.000000  0.411444 0.634349 0.000000  0.107008 0.755864 0.000000  0.098746 0.781180 0.000000  0.082975 0.888450 0.000000  0.041968 0.853907 0.000000  0.207033 0.820194 0.000000  0.032637 0.873842 0.000000  0.113451 0.868955 0.000000  0.086929 0.864564 0.000000  0.334113 0.884453 0.000000  0.000000 0.937500 0.000000  0.321079 0.861781 0.000000  0.367788 0.850011 0.000000  0.299135 0.889479 0.000000  0.346094 0.862483 0.000000  0.379050 0.894706 0.000000  0.358028 0.883242 0.000000  0.348217 0.926241 0.000000  0.347058 0.903358 0.000000  0.281250 1.000000 0.000000  0.103847 0.844672 0.000000  0.141080 0.843987 0.000000  0.093750 1.000000 0.000000  0.051567 0.915931 0.000000  0.046439 0.892936 0.000000  0.000000 0.906250 0.000000  0.327239 0.718969 0.000000  0.347564 0.711289 0.000000  0.383636 0.728621 0.000000  0.212171 0.747299 0.000000  0.213844 0.723709 0.000000  0.175600 0.758284 0.000000  0.150581 0.777680 0.000000  0.203710 0.787768 0.000000  0.791298 0.462816 0.000000  0.745848 0.392478 0.000000  0.745305 0.370760 0.000000  0.734634 0.422001 0.000000  0.498459 0.444484 0.000000  0.475048 0.431678 0.000000  0.522270 0.505873 0.000000  0.539776 0.406483 0.000000  0.480682 0.572729 0.000000  0.382817 0.618954 0.000000  0.225686 0.831753 0.000000  0.203180 0.847243 0.000000  0.205759 0.897501 0.000000  0.173565 0.829226 0.000000  0.211557 0.872009 0.000000  0.241934 0.883400 0.000000  0.169244 0.875790 0.000000  0.189660 0.865616 0.000000  0.170335 0.852409 0.000000  0.348912 0.829675 0.000000  0.383607 0.792150 0.000000  0.377911 0.821686 0.000000  0.360097 0.802934 0.000000  0.359602 0.770836 0.000000  0.433118 0.817014 0.000000  0.407973 0.848401 0.000000  0.404856 0.811564 0.000000  0.387556 0.841104 0.000000  0.389158 0.868834 0.000000  0.428648 0.764189 0.000000  0.416119 0.829161 0.000000  0.562500 1.000000 0.000000  0.423433 0.791232 0.000000  0.444272 0.937584 0.000000  0.403095 0.773286 0.000000  0.473981 0.786955 0.000000  0.404167 0.889608 0.000000  0.425072 0.871314 0.000000  0.471000 0.873381 0.000000  0.395561 0.911634 0.000000  0.374667 0.927940 0.000000  0.407368 0.744853 0.000000  0.449310 0.796222 0.000000  0.448327 0.865871 0.000000  0.432921 0.847620 0.000000  0.424276 0.694666 0.000000  0.474652 0.826213 0.000000  0.456907 0.843000 0.000000  0.452096 0.892470 0.000000  0.480729 0.850409 0.000000  0.520583 0.827539 0.000000  0.497430 0.833353 0.000000  0.516587 0.879142 0.000000  0.493415 0.806257 0.000000  0.494606 0.869833 0.000000  0.514681 0.853038 0.000000  0.468750 1.000000 0.000000  0.561910 0.862711 0.000000  0.536931 0.864535 0.000000  0.547530 0.837741 0.000000  0.552654 0.907903 0.000000  0.538677 0.888436 0.000000  0.521553 0.915483 0.000000  0.441679 0.728470 0.000000  0.408744 0.717375 0.000000  0.454854 0.817240 0.000000  0.296439 0.926279 0.000000  0.427369 0.895031 0.000000  0.468812 0.923086 0.000000  0.517917 0.762153 0.000000  0.441822 0.913924 0.000000  0.475004 0.895263 0.000000  0.417921 0.928356 0.000000  0.598984 0.824735 0.000000  0.427869 0.743668 0.000000  0.453379 0.752975 0.000000  0.386435 0.701220 0.000000  0.499446 0.780750 0.000000  0.480801 0.759585 0.000000  0.531723 0.794337 0.000000  0.494448 0.914191 0.000000  0.474983 0.961548 0.000000  0.421875 1.000000 0.000000  0.575091 0.838494 0.000000  0.455407 0.774981 0.000000  0.368815 0.713263 0.000000  0.383566 0.662035 0.000000  0.473872 0.728145 0.000000  0.540456 0.815737 0.000000  0.574026 0.789557 0.000000  0.464337 0.943530 0.000000  0.488376 0.938080 0.000000  0.446743 0.966078 0.000000  0.611429 0.873970 0.000000  0.377667 0.682164 0.000000  0.356519 0.668583 0.000000  0.403546 0.678818 0.000000  0.354160 0.644593 0.000000  0.405484 0.656226 0.000000  0.447247 0.655852 0.000000  0.426761 0.669933 0.000000  0.452185 0.684979 0.000000  0.576880 0.813975 0.000000  0.597763 0.799159 0.000000  0.602916 0.752278 0.000000  0.643714 0.809782 0.000000  0.593728 0.774992 0.000000  0.619240 0.810951 0.000000  0.559163 0.748844 0.000000  0.629855 0.776390 0.000000  0.633115 0.844664 0.000000  0.580577 0.756457 0.000000  0.583366 0.714690 0.000000  0.515625 1.000000 0.000000  0.463362 0.979396 0.000000  0.445312 1.000000 0.000000  0.489348 0.983608 0.000000  0.588257 0.861357 0.000000  0.443837 0.705977 0.000000  0.468710 0.703707 0.000000  0.493647 0.665048 0.000000  0.514612 0.706777 0.000000  0.475727 0.680861 0.000000  0.491228 0.711715 0.000000  0.498581 0.688700 0.000000  0.508346 0.734938 0.000000  0.538042 0.668129 0.000000  0.521496 0.684524 0.000000  0.552565 0.699332 0.000000  0.522245 0.960131 0.000000  0.584684 0.895513 0.000000  0.537902 0.726736 0.000000  0.510666 0.978692 0.000000  0.499128 0.958602 0.000000  0.538829 0.983369 0.000000  0.512050 0.938754 0.000000  0.542204 0.937492 0.000000  0.536546 0.749318 0.000000  0.548363 0.773352 0.000000  0.560807 0.721367 0.000000  0.656250 1.000000 0.000000  0.559159 0.979595 0.000000  0.545240 0.961258 0.000000  0.609375 1.000000 0.000000  0.585938 0.985686 0.000000  0.580154 0.949207 0.000000  0.616396 0.962158 0.000000  0.291911 0.869539 0.000000  0.317967 0.896311 0.000000  0.022173 0.895942 0.000000  0.020747 0.921875 0.000000  0.070251 0.930821 0.000000  0.023121 0.946614 0.000000  0.049358 0.942410 0.000000  0.000000 0.968750 0.000000  0.094060 0.932807 0.000000  0.046875 1.000000 0.000000  0.083825 0.911801 0.000000  0.079275 0.966336 0.000000  0.111267 0.899111 0.000000  0.040463 0.970875 0.000000  0.139677 0.886011 0.000000  0.058984 0.961040 0.000000  0.070312 1.000000 0.000000  0.058352 0.982205 0.000000  0.023438 1.000000 0.000000  0.171999 0.779474 0.000000  0.159264 0.802784 0.000000  0.151602 0.824017 0.000000  0.138034 0.796073 0.000000  0.785683 0.432652 0.000000  0.837809 0.438554 0.000000  0.762257 0.452617 0.000000  0.810844 0.443573 0.000000  0.763599 0.495240 0.000000  0.743252 0.441995 0.000000  0.718662 0.440740 0.000000  0.820183 0.418801 0.000000  0.832533 0.485154 0.000000  0.771175 0.473669 0.000000  0.795259 0.494243 0.000000  0.748468 0.477810 0.000000  0.738030 0.502154 0.000000  0.821148 0.392779 0.000000  0.847789 0.406797 0.000000  0.815331 0.467680 0.000000  0.903188 0.404503 0.000000  0.875165 0.397837 0.000000  0.897138 0.355365 0.000000  0.879996 0.439764 0.000000  0.894049 0.380687 0.000000  0.875495 0.365574 0.000000  0.940839 0.376394 0.000000  0.877036 0.340797 0.000000  0.918049 0.385139 0.000000  0.868173 0.297359 0.000000  0.921627 0.360395 0.000000  0.944947 0.421166 0.000000  0.912910 0.312447 0.000000  0.866271 0.320370 0.000000  0.926417 0.406946 0.000000  0.913656 0.337078 0.000000  0.840425 0.315224 0.000000  0.888609 0.310633 0.000000  0.915356 0.440540 0.000000  0.956947 0.323441 0.000000  0.891151 0.284352 0.000000  0.947079 0.349366 0.000000  0.933378 0.324154 0.000000  0.943898 0.282017 0.000000  0.867261 0.419990 0.000000  0.827330 0.292303 0.000000  0.914402 0.268922 0.000000  0.997970 0.353897 0.000000  0.840338 0.268029 0.000000  0.970968 0.369116 0.000000  0.865160 0.266161 0.000000  0.848588 0.288072 0.000000  0.974127 0.343157 0.000000  1.005087 0.306259 0.000000  0.994811 0.329074 0.000000  0.978588 0.308045 0.000000  1.040394 0.335885 0.000000  1.016642 0.338908 0.000000  1.033877 0.379502 0.000000  1.019535 0.361635 0.000000  0.999424 0.392469 0.000000  0.961772 0.397048 0.000000  0.957029 0.300648 0.000000  0.979229 0.271061 0.000000  0.991209 0.373465 0.000000  0.985029 0.431200 0.000000  0.966898 0.418552 0.000000  0.959355 0.448684 0.000000  0.937753 0.442463 0.000000  0.937526 0.483867 0.000000  0.924701 0.463094 0.000000  0.894289 0.496216 0.000000  0.897213 0.461270 0.000000  0.914166 0.483944 0.000000  0.925983 0.525317 0.000000  1.003186 0.485456 0.000000  0.863820 0.470359 0.000000  0.986456 0.460889 0.000000  1.038372 0.443515 0.000000  0.970229 0.489919 0.000000  1.014864 0.459523 0.000000  1.013036 0.431574 0.000000  1.054997 0.493191 0.000000  0.999258 0.414448 0.000000  1.023295 0.403640 0.000000  1.030182 0.482017 0.000000  1.068827 0.409212 0.000000  1.052070 0.466550 0.000000  1.022780 0.531593 0.000000  1.046897 0.399598 0.000000  1.073890 0.367844 0.000000  1.049739 0.422935 0.000000  1.078821 0.443250 0.000000  1.019490 0.505761 0.000000  0.986750 0.523057 0.000000  1.084256 0.476496 0.000000  0.723871 0.401600 0.000000  0.464087 0.414982 0.000000  0.472884 0.544073 0.000000  0.500149 0.552042 0.000000  0.443448 0.567473 0.000000  0.529128 0.552981 0.000000  0.463195 0.562099 0.000000  0.459573 0.587757 0.000000  0.448409 0.546735 0.000000  0.424390 0.551951 0.000000  0.496687 0.617551 0.000000  0.425155 0.598566 0.000000  0.482345 0.597404 0.000000  0.512313 0.582992 0.000000  0.463613 0.625918 0.000000  0.554257 0.562548 0.000000  0.564461 0.611013 0.000000  0.566194 0.585342 0.000000  0.610835 0.601249 0.000000  0.538721 0.596381 0.000000  0.586271 0.599591 0.000000  0.595614 0.643965 0.000000  0.584685 0.623096 0.000000  0.563283 0.647600 0.000000  0.517231 0.606028 0.000000  0.539021 0.625809 0.000000  0.533024 0.574880 0.000000  0.394250 0.593484 0.000000  0.249546 0.862850 0.000000  0.269047 0.900433 0.000000  0.345328 0.787109 0.000000  0.341716 0.755900 0.000000  0.364907 0.746307 0.000000  0.381870 0.762813 0.000000  0.365991 0.909889 0.000000  0.359068 0.964043 0.000000  0.514683 0.807089 0.000000  0.376396 0.640612 0.000000  0.695979 0.768518 0.000000  0.489196 0.741251 0.000000  0.562759 0.886428 0.000000  0.565575 0.929106 0.000000  0.594606 0.923388 0.000000  0.602231 0.944611 0.000000  0.636041 0.920481 0.000000  0.624982 0.940737 0.000000  0.666420 0.950213 0.000000  0.642350 0.960130 0.000000  0.647702 0.938952 0.000000  0.677024 0.911402 0.000000  0.662714 0.975388 0.000000  0.631197 0.984477 0.000000  0.703125 1.000000 0.000000  0.679688 1.000000 0.000000  0.695323 0.967328 0.000000  0.594733 0.965593 0.000000  0.126097 0.927926 0.000000  0.134804 0.864813 0.000000  0.167864 0.919673 0.000000  0.019785 0.978326 0.000000  0.780731 0.536090 0.000000  0.718903 0.508700 0.000000  0.726288 0.482765 0.000000  0.894456 0.330179 0.000000  0.897980 0.426335 0.000000  0.922265 0.290980 0.000000  0.953760 0.251374 0.000000  0.840967 0.462510 0.000000  0.858649 0.447993 0.000000  0.883762 0.477740 0.000000  0.863655 0.501433 0.000000  0.885563 0.537529 0.000000  0.881752 0.515146 0.000000  0.904676 0.516712 0.000000  0.855377 0.531153 0.000000  0.859168 0.587852 0.000000  0.839046 0.510591 0.000000  0.818708 0.543511 0.000000  0.817059 0.502668 0.000000  0.798316 0.518750 0.000000  0.776245 0.513954 0.000000  0.865269 0.558968 0.000000  0.754680 0.516012 0.000000  0.757774 0.538937 0.000000  0.774299 0.578210 0.000000  0.738055 0.552586 0.000000  0.748806 0.575824 0.000000  0.757322 0.622209 0.000000  0.731372 0.602999 0.000000  0.759606 0.597816 0.000000  0.801707 0.614061 0.000000  0.778365 0.611876 0.000000  0.786162 0.654347 0.000000  0.913422 0.584225 0.000000  0.836436 0.567964 0.000000  0.885783 0.578387 0.000000  0.840168 0.546606 0.000000  0.829478 0.598853 0.000000  0.805184 0.571969 0.000000  0.904555 0.557856 0.000000  0.889254 0.630301 0.000000  0.942755 0.559686 0.000000  0.880197 0.604833 0.000000  0.906334 0.609883 0.000000  0.851594 0.629349 0.000000  0.955363 0.609619 0.000000  0.859219 0.609301 0.000000  0.931054 0.647914 0.000000  0.930811 0.602836 0.000000  0.949046 0.584656 0.000000  0.937808 0.625338 0.000000  0.982681 0.562905 0.000000  0.974452 0.648599 0.000000  0.976923 0.590882 0.000000  0.912857 0.632692 0.000000  0.897160 0.669946 0.000000  1.029398 0.587102 0.000000  0.983366 0.620069 0.000000  1.002627 0.581592 0.000000  0.860949 0.656343 0.000000  1.008797 0.555018 0.000000  1.010787 0.609736 0.000000  1.002185 0.641607 0.000000  0.991110 0.543634 0.000000  0.964167 0.543329 0.000000  1.039903 0.557700 0.000000  1.044635 0.618599 0.000000  1.044411 0.669138 0.000000  0.943264 0.538160 0.000000  0.924149 0.548478 0.000000  0.950410 0.510498 0.000000  1.057155 0.527717 0.000000  1.072215 0.585823 0.000000  0.827743 0.652732 0.000000  0.966396 0.523097 0.000000  1.050556 0.578084 0.000000  1.069894 0.555002 0.000000  0.858424 0.700836 0.000000  0.870217 0.638014 0.000000  1.106750 0.521178 0.000000  0.969747 0.687961 0.000000  1.000713 0.694266 0.000000  0.944725 0.668661 0.000000  1.125000 1.000000 0.000000  1.114953 0.567107 0.000000  1.082984 0.532274 0.000000  1.084445 0.504404 0.000000  1.103603 0.545437 0.000000  1.143608 0.538292 0.000000  0.820177 0.710515 0.000000  0.857084 0.724457 0.000000  0.974698 0.721599 0.000000  1.043063 0.717353 0.000000  0.918946 0.666374 0.000000  1.025144 0.699837 0.000000  1.090299 0.568963 0.000000  1.105270 0.603150 0.000000  1.112542 0.490259 0.000000  0.928993 0.699559 0.000000  0.994023 0.667729 0.000000  1.076845 0.618302 0.000000  0.894326 0.698949 0.000000  1.008383 0.716984 0.000000  0.886728 0.651415 0.000000  0.846010 0.680696 0.000000  1.003053 0.740361 0.000000  1.071243 0.461556 0.000000  1.134165 0.408515 0.000000  0.988573 0.501461 0.000000  0.956740 0.471425 0.000000  1.058611 0.445606 0.000000  1.019018 0.675540 0.000000  0.873037 0.682229 0.000000  0.406569 0.541301 0.000000  0.427639 0.529678 0.000000  0.424808 0.577434 0.000000  0.484934 0.640645 0.000000  0.514096 0.640949 0.000000  0.534760 0.646882 0.000000  0.437700 0.631192 0.000000  0.447140 0.608368 0.000000  0.583095 0.678220 0.000000  0.407051 0.612147 0.000000  0.236316 0.922439 0.000000  0.288550 0.907202 0.000000  0.271266 0.925519 0.000000  0.282766 0.961887 0.000000  0.322325 0.922158 0.000000  0.330942 0.951658 0.000000  0.328125 1.000000 0.000000  0.336900 0.976258 0.000000  0.351562 1.000000 0.000000  0.307253 0.978793 0.000000  0.306271 0.954029 0.000000  0.664027 0.781779 0.000000  0.651097 0.880647 0.000000  0.693849 0.936854 0.000000  0.730556 0.894302 0.000000  0.742924 0.949754 0.000000  0.706202 0.910401 0.000000  0.716353 0.951039 0.000000  0.690343 0.873868 0.000000  0.732074 0.923069 0.000000  0.726562 1.000000 0.000000  0.708647 0.887631 0.000000  0.723892 0.848300 0.000000  0.725514 0.871549 0.000000  0.765916 0.857049 0.000000  0.750605 0.877924 0.000000  0.743998 0.857026 0.000000  0.749413 0.817020 0.000000  0.937500 1.000000 0.000000  0.757874 0.907284 0.000000  0.775291 0.879978 0.000000  0.811251 0.851894 0.000000  0.797232 0.871008 0.000000  0.802164 0.914387 0.000000  0.738281 0.976029 0.000000  0.838124 0.886303 0.000000  0.715199 0.979595 0.000000  0.843750 1.000000 0.000000  0.773438 0.973692 0.000000  0.796875 1.000000 0.000000  0.140625 1.000000 0.000000  0.105801 0.953191 0.000000  0.101040 0.976921 0.000000  0.131226 0.970635 0.000000  0.117188 1.000000 0.000000  0.164062 0.976311 0.000000  0.160188 0.897468 0.000000  0.182970 0.902022 0.000000  0.140117 0.909311 0.000000  0.200888 0.932646 0.000000  0.937257 0.304406 0.000000  0.935018 0.262251 0.000000  0.944392 0.226079 0.000000  0.925277 0.217180 0.000000  0.973785 0.229575 0.000000  1.012500 0.200000 0.000000  0.993750 0.215583 0.000000  1.030749 0.241030 0.000000  1.000131 0.245927 0.000000  1.015838 0.223089 0.000000  1.020422 0.274630 0.000000  0.979393 0.249939 0.000000  0.710291 0.658605 0.000000  0.706516 0.592573 0.000000  0.700985 0.570884 0.000000  0.707255 0.625655 0.000000  0.684775 0.609608 0.000000  0.676398 0.645114 0.000000  0.648436 0.599844 0.000000  0.786390 0.558506 0.000000  0.808458 0.593429 0.000000  0.825679 0.624875 0.000000  0.806438 0.640306 0.000000  1.041453 0.511368 0.000000  1.134195 0.510317 0.000000  1.158927 0.461904 0.000000  1.188493 0.507618 0.000000  1.139733 0.482623 0.000000  1.161725 0.516625 0.000000  1.116429 0.451872 0.000000  1.167298 0.488908 0.000000  1.191076 0.559574 0.000000  1.122034 0.471830 0.000000  1.137733 0.456655 0.000000  1.131881 0.432886 0.000000  1.153034 0.440283 0.000000  1.102798 0.424997 0.000000  1.194308 0.440648 0.000000  1.170344 0.542239 0.000000  1.198641 0.474762 0.000000  1.195418 0.533316 0.000000  1.154845 0.581840 0.000000  1.237511 0.508191 0.000000  1.154244 0.558772 0.000000  1.212921 0.514817 0.000000  1.219403 0.489933 0.000000  1.236704 0.554135 0.000000  1.230155 0.453427 0.000000  1.218931 0.538034 0.000000  1.248903 0.478785 0.000000  1.060607 0.604047 0.000000  1.023496 0.630263 0.000000  1.044792 0.643869 0.000000  1.023861 0.653159 0.000000  1.081536 0.657060 0.000000  0.911882 0.686626 0.000000  0.910578 0.760708 0.000000  0.815707 0.680542 0.000000  0.769648 0.702731 0.000000  0.796120 0.698783 0.000000  0.789246 0.743411 0.000000  0.779660 0.679138 0.000000  0.742486 0.677284 0.000000  0.785759 0.720030 0.000000  0.749830 0.737339 0.000000  0.965575 0.667500 0.000000  0.948279 0.689924 0.000000  0.949243 0.715975 0.000000  0.953202 0.758473 0.000000  0.920751 0.730424 0.000000  0.958037 0.736589 0.000000  0.980056 0.744308 0.000000  0.998552 0.783101 0.000000  0.976375 0.769869 0.000000  0.996535 0.761282 0.000000  1.036881 0.762375 0.000000  1.016475 0.770442 0.000000  1.029954 0.808544 0.000000  1.034259 0.785586 0.000000  0.964006 0.815797 0.000000  1.076716 0.778628 0.000000  0.952974 0.788196 0.000000  1.058757 0.802061 0.000000  0.976773 0.794689 0.000000  1.000428 0.812886 0.000000  0.909561 0.821553 0.000000  0.932603 0.773178 0.000000  0.931864 0.750363 0.000000  0.928046 0.800683 0.000000  1.109277 0.822180 0.000000  1.022889 0.863058 0.000000  0.937760 0.827908 0.000000  0.895972 0.790895 0.000000  1.086854 0.804996 0.000000  1.018734 0.834804 0.000000  0.971570 0.866686 0.000000  1.128528 0.773839 0.000000  1.069799 0.850472 0.000000  0.960340 0.842349 0.000000  0.996357 0.852528 0.000000  0.912396 0.874719 0.000000  1.112085 0.795295 0.000000  1.043353 0.845616 0.000000  1.070581 0.824829 0.000000  0.998679 0.885369 0.000000  0.918476 0.847736 0.000000  1.102103 0.770616 0.000000  1.158341 0.813716 0.000000  1.051468 0.875862 0.000000  0.942047 0.865549 0.000000  0.870679 0.851142 0.000000  1.077885 0.738107 0.000000  1.132615 0.811029 0.000000  1.140714 0.857978 0.000000  1.130044 0.835645 0.000000  1.104478 0.861576 0.000000  0.954792 0.918452 0.000000  0.894009 0.841458 0.000000  0.869428 0.815185 0.000000  1.084343 0.758571 0.000000  1.060658 0.761042 0.000000  1.110548 0.739050 0.000000  1.047603 0.740912 0.000000  1.025420 0.733165 0.000000  0.955881 0.890203 0.000000  1.054910 0.781329 0.000000  0.979252 0.905249 0.000000  0.926744 0.903226 0.000000  1.083382 0.888789 0.000000  1.031250 1.000000 0.000000  1.027097 0.891915 0.000000  1.034731 0.932116 0.000000  1.007239 0.913166 0.000000  1.052379 0.903771 0.000000  1.067740 0.927091 0.000000  0.983738 0.942818 0.000000  0.989316 0.923100 0.000000  1.009783 0.938892 0.000000  1.030522 0.965931 0.000000  0.984375 1.000000 0.000000  1.000746 0.967296 0.000000  1.007812 1.000000 0.000000  0.968457 0.971583 0.000000  0.982763 0.703229 0.000000  0.515756 0.663083 0.000000  0.580819 0.657973 0.000000  0.602271 0.665813 0.000000  0.561643 0.670381 0.000000  0.636019 0.643592 0.000000  0.608375 0.696269 0.000000  0.610028 0.724701 0.000000  0.632854 0.675523 0.000000  0.633320 0.745414 0.000000  0.639939 0.708697 0.000000  0.649492 0.762905 0.000000  0.665158 0.732198 0.000000  0.673491 0.759458 0.000000  0.695243 0.737906 0.000000  0.687722 0.695401 0.000000  0.722691 0.752561 0.000000  0.683420 0.718080 0.000000  0.663997 0.702647 0.000000  0.715462 0.712411 0.000000  0.668038 0.673415 0.000000  0.754352 0.777204 0.000000  0.728335 0.730819 0.000000  0.742492 0.707214 0.000000  0.688484 0.664069 0.000000  0.651135 0.685974 0.000000  0.655829 0.654423 0.000000  0.656781 0.629150 0.000000  0.723476 0.784212 0.000000  0.743705 0.758223 0.000000  0.767462 0.753850 0.000000  0.795851 0.785142 0.000000  0.776428 0.774239 0.000000  0.773457 0.802284 0.000000  0.803628 0.818500 0.000000  0.774072 0.830270 0.000000  0.754022 0.838013 0.000000  0.787977 0.849137 0.000000  0.573192 0.696530 0.000000  0.247795 0.904167 0.000000  0.251337 0.951823 0.000000  0.645289 0.789556 0.000000  0.632960 0.867226 0.000000  0.655229 0.856097 0.000000  0.628828 0.891776 0.000000  0.614530 0.910627 0.000000  0.687917 0.820478 0.000000  0.781275 0.903003 0.000000  0.775909 0.937707 0.000000  0.773438 1.000000 0.000000  0.164062 1.000000 0.000000  0.152209 0.947069 0.000000  0.215495 0.916761 0.000000  0.197237 0.966928 0.000000  0.998883 0.283719 0.000000  1.085148 0.276137 0.000000  1.038121 0.302742 0.000000  0.732601 0.628470 0.000000  0.751233 0.650105 0.000000  0.731688 0.658811 0.000000  0.720808 0.677563 0.000000  0.770227 0.639638 0.000000  0.761561 0.668426 0.000000  0.696777 0.643236 0.000000  0.787891 0.593647 0.000000  1.095319 0.457620 0.000000  1.103711 0.388648 0.000000  1.173973 0.406357 0.000000  1.181614 0.459592 0.000000  1.208996 0.456114 0.000000  1.216922 0.433880 0.000000  1.198881 0.414761 0.000000  1.258190 0.420195 0.000000  1.201325 0.366405 0.000000  1.229802 0.403654 0.000000  1.193283 0.390238 0.000000  1.155053 0.364066 0.000000  1.177859 0.371761 0.000000  1.180097 0.327485 0.000000  1.185222 0.349939 0.000000  1.222463 0.329626 0.000000  1.295336 0.513682 0.000000  1.103835 0.634698 0.000000  0.888087 0.736303 0.000000  0.911446 0.711406 0.000000  0.983563 0.831184 0.000000  1.047702 0.823087 0.000000  1.092239 0.840095 0.000000  0.890563 0.811633 0.000000  0.840746 0.834183 0.000000  0.853515 0.771146 0.000000  1.095379 0.698290 0.000000  0.879709 0.909036 0.000000  0.917768 0.953209 0.000000  1.071893 0.871296 0.000000  1.126645 0.900545 0.000000  1.054608 0.951759 0.000000  1.078125 1.000000 0.000000  1.055659 0.981100 0.000000  1.099402 0.959775 0.000000  1.079835 0.975165 0.000000  1.101562 1.000000 0.000000  1.113281 0.979200 0.000000  1.078298 0.948541 0.000000  1.101656 0.923721 0.000000  0.960938 1.000000 0.000000  0.955924 0.946484 0.000000  0.940384 0.969922 0.000000  0.933936 0.933333 0.000000  0.904653 0.926026 0.000000  0.890625 1.000000 0.000000  0.865872 0.956155 0.000000  0.913832 0.982194 0.000000  0.891504 0.949125 0.000000  0.889521 0.974536 0.000000  0.867188 1.000000 0.000000  0.855469 0.978410 0.000000  0.820312 0.973303 0.000000  0.840505 0.957856 0.000000  0.813297 0.943211 0.000000  0.851126 0.926234 0.000000  0.796787 0.962924 0.000000  0.795632 0.933472 0.000000  0.833666 0.937964 0.000000  0.828719 0.911741 0.000000  0.621497 0.658275 0.000000  0.615764 0.638081 0.000000  0.631891 0.618784 0.000000  0.644987 0.728562 0.000000  0.742370 0.795932 0.000000  0.718489 0.815629 0.000000  0.733338 0.829956 0.000000  0.705813 0.834507 0.000000  0.681361 0.847270 0.000000  0.660996 0.830074 0.000000  0.270615 0.945727 0.000000  0.234375 1.000000 0.000000  0.224248 0.947140 0.000000  0.233776 0.972714 0.000000  0.257812 0.985837 0.000000  0.604707 0.892998 0.000000  0.668015 0.806041 0.000000  0.691613 0.794446 0.000000  0.754372 0.929917 0.000000  0.763508 0.954933 0.000000  0.130694 0.949037 0.000000  0.177600 0.943408 0.000000  0.183239 0.980776 0.000000  0.210938 1.000000 0.000000  1.052998 0.266255 0.000000  1.023069 0.318264 0.000000  1.077068 0.316720 0.000000  0.708013 0.693434 0.000000  1.090737 0.406508 0.000000  1.113396 0.407077 0.000000  1.125068 0.389184 0.000000  1.115342 0.351056 0.000000  1.150461 0.389041 0.000000  1.154633 0.417845 0.000000  1.174479 0.429232 0.000000  1.260511 0.450594 0.000000  1.500000 0.200000 0.000000  1.286109 0.477620 0.000000  1.284152 0.433501 0.000000  1.267244 0.469852 0.000000  1.281115 0.454196 0.000000  1.268024 0.494749 0.000000  1.309734 0.460339 0.000000  1.329036 0.553911 0.000000  1.313219 0.489895 0.000000  1.266405 0.341296 0.000000  1.242788 0.341658 0.000000  1.272206 0.396545 0.000000  1.373940 0.574565 0.000000  1.338819 0.471892 0.000000  1.254908 0.361792 0.000000  1.288114 0.366946 0.000000  1.346446 0.533490 0.000000  1.342138 0.329605 0.000000  1.248366 0.384363 0.000000  1.335411 0.599190 0.000000  1.272548 0.548538 0.000000  1.307311 0.538158 0.000000  1.323685 0.516378 0.000000  1.223471 0.378984 0.000000  1.222841 0.354308 0.000000  1.377762 0.550294 0.000000  1.352728 0.501441 0.000000  1.304731 0.565285 0.000000  1.393704 0.531597 0.000000  1.354401 0.557905 0.000000  1.351203 0.581444 0.000000  1.374767 0.618311 0.000000  1.418878 0.569205 0.000000  1.357786 0.603201 0.000000  1.395653 0.565547 0.000000  1.339489 0.640859 0.000000  1.402331 0.598707 0.000000  1.325274 0.577529 0.000000  1.295057 0.604872 0.000000  1.236698 0.424450 0.000000  1.142152 0.620633 0.000000  0.878283 0.715467 0.000000  0.860914 0.833481 0.000000  0.845577 0.860552 0.000000  0.867502 0.880852 0.000000  0.888624 0.868086 0.000000  0.895061 0.890933 0.000000  0.819620 0.832417 0.000000  0.832881 0.801030 0.000000  0.865627 0.748591 0.000000  0.879583 0.770616 0.000000  0.834080 0.746180 0.000000  0.866962 0.791181 0.000000  1.094702 0.721744 0.000000  1.069470 0.712636 0.000000  1.123971 0.710852 0.000000  1.052425 0.693488 0.000000  1.066918 0.675224 0.000000  1.124925 0.669861 0.000000  1.150165 0.740616 0.000000  1.075753 0.693414 0.000000  1.087224 0.676602 0.000000  1.103914 0.661146 0.000000  1.116007 0.690160 0.000000  1.145109 0.690837 0.000000  1.130692 0.731345 0.000000  1.147466 0.714496 0.000000  1.188228 0.698487 0.000000  1.165589 0.700743 0.000000  1.172909 0.659483 0.000000  1.179855 0.729181 0.000000  1.149329 0.666577 0.000000  1.134062 0.645430 0.000000  1.158147 0.639570 0.000000  1.174322 0.609686 0.000000  1.185239 0.634914 0.000000  1.224318 0.603027 0.000000  1.215262 0.665359 0.000000  1.200263 0.613437 0.000000  1.190795 0.587337 0.000000  1.223775 0.634772 0.000000  1.195083 0.655233 0.000000  1.215899 0.573708 0.000000  1.107458 0.885670 0.000000  1.128988 0.877710 0.000000  1.312500 1.000000 0.000000  1.168295 0.893281 0.000000  1.140777 0.944884 0.000000  1.122189 0.958164 0.000000  1.218750 1.000000 0.000000  1.171875 1.000000 0.000000  1.139733 0.977998 0.000000  1.148438 1.000000 0.000000  1.083276 0.911090 0.000000  0.820312 1.000000 0.000000  0.874305 0.932406 0.000000  0.856292 0.902469 0.000000  0.604953 0.620782 0.000000  0.263778 0.967078 0.000000  0.213996 0.979359 0.000000  1.034144 0.260460 0.000000  1.184255 0.263981 0.000000  1.062821 0.291537 0.000000  1.039710 0.282114 0.000000  1.054531 0.318266 0.000000  1.067465 0.341784 0.000000  1.093177 0.337263 0.000000  1.115393 0.303255 0.000000  1.114841 0.327155 0.000000  1.147526 0.315953 0.000000  1.137041 0.338646 0.000000  1.049882 0.359940 0.000000  1.160632 0.341022 0.000000  1.097296 0.366068 0.000000  1.333982 0.492217 0.000000  1.344756 0.414555 0.000000  1.269688 0.376117 0.000000  1.379549 0.329973 0.000000  1.251516 0.531416 0.000000  1.274354 0.524841 0.000000  1.369628 0.521394 0.000000  1.399753 0.483816 0.000000  1.389990 0.506853 0.000000  1.373928 0.486459 0.000000  1.435710 0.512642 0.000000  1.382342 0.441175 0.000000  1.412034 0.516195 0.000000  1.384785 0.465053 0.000000  1.427876 0.541096 0.000000  1.359878 0.455538 0.000000  1.424209 0.448955 0.000000  1.482236 0.540757 0.000000  1.333391 0.443167 0.000000  1.360637 0.431976 0.000000  1.387797 0.398099 0.000000  1.367569 0.409708 0.000000  1.347571 0.371690 0.000000  1.367198 0.385634 0.000000  1.350000 0.200000 0.000000  1.368761 0.362649 0.000000  1.253955 0.299611 0.000000  1.398395 0.369572 0.000000  1.455008 0.533261 0.000000  1.309421 0.435026 0.000000  1.298341 0.408506 0.000000  1.438092 0.400552 0.000000  1.435816 0.327840 0.000000  1.481911 0.488742 0.000000  1.458688 0.573090 0.000000  1.321155 0.414549 0.000000  1.317395 0.382662 0.000000  1.413333 0.391354 0.000000  1.411220 0.343429 0.000000  1.474738 0.514795 0.000000  1.439830 0.560418 0.000000  1.437504 0.584246 0.000000  1.467872 0.616221 0.000000  1.457197 0.595951 0.000000  1.498468 0.587163 0.000000  1.431037 0.622673 0.000000  1.464362 0.552481 0.000000  1.485733 0.565576 0.000000  1.530369 0.553794 0.000000  1.509713 0.565980 0.000000  1.508284 0.539958 0.000000  1.541642 0.596505 0.000000  1.543854 0.507726 0.000000  1.521372 0.585745 0.000000  1.530615 0.528858 0.000000  1.512433 0.627058 0.000000  1.506549 0.508453 0.000000  1.574696 0.541762 0.000000  1.550836 0.541527 0.000000  1.562469 0.571730 0.000000  1.416567 0.420571 0.000000  1.390049 0.349260 0.000000  1.441530 0.364053 0.000000  1.456219 0.495683 0.000000  1.404389 0.439070 0.000000  1.391487 0.420450 0.000000  1.395883 0.292033 0.000000  1.420431 0.370473 0.000000  1.429214 0.483906 0.000000  1.460025 0.458748 0.000000  1.410800 0.315568 0.000000  1.445063 0.277357 0.000000  1.414532 0.468175 0.000000  1.448629 0.476237 0.000000  1.433320 0.301295 0.000000  1.418882 0.279363 0.000000  1.386324 0.247471 0.000000  1.425000 0.200000 0.000000  1.351972 0.277423 0.000000  1.429052 0.240230 0.000000  1.397806 0.268314 0.000000  1.430684 0.261542 0.000000  1.460908 0.248508 0.000000  1.376005 0.278484 0.000000  1.372780 0.304573 0.000000  1.481625 0.310143 0.000000  1.456225 0.312531 0.000000  1.472082 0.344910 0.000000  1.379890 0.596333 0.000000  1.276905 0.579461 0.000000  1.259501 0.611081 0.000000  1.256994 0.566498 0.000000  1.275789 0.599447 0.000000  1.279769 0.622237 0.000000  1.255969 0.588918 0.000000  1.309246 0.632776 0.000000  1.255052 0.643155 0.000000  1.234865 0.584131 0.000000  1.120044 0.619628 0.000000  1.131079 0.594872 0.000000  0.811828 0.799003 0.000000  0.821333 0.771909 0.000000  0.800536 0.763012 0.000000  0.848554 0.814822 0.000000  0.835805 0.724965 0.000000  0.813140 0.733800 0.000000  1.180173 0.774267 0.000000  1.154126 0.603078 0.000000  1.238454 0.728676 0.000000  1.126188 0.925112 0.000000  1.150323 0.913273 0.000000  1.194750 0.935136 0.000000  1.175620 0.917939 0.000000  1.215670 0.892625 0.000000  1.168652 0.944930 0.000000  1.199215 0.910930 0.000000  1.239893 0.930948 0.000000  1.216731 0.926676 0.000000  1.221965 0.963222 0.000000  1.191326 0.965682 0.000000  1.195312 1.000000 0.000000  1.165390 0.971256 0.000000  1.207936 0.980525 0.000000  1.125000 0.200000 0.000000  1.407598 0.547830 0.000000  1.338088 0.392592 0.000000  1.296213 0.386991 0.000000  1.402329 0.627885 0.000000  1.425922 0.676171 0.000000  1.376025 0.659152 0.000000  1.420935 0.648700 0.000000  1.383201 0.638491 0.000000  1.398847 0.655502 0.000000  1.361500 0.642530 0.000000  1.348452 0.668590 0.000000  1.392883 0.691382 0.000000  1.454219 0.646645 0.000000  1.317276 0.663352 0.000000  1.368920 0.683392 0.000000  1.366737 0.729866 0.000000  1.337559 0.705206 0.000000  1.374383 0.706936 0.000000  1.411207 0.731955 0.000000  1.389267 0.724639 0.000000  1.387267 0.767191 0.000000  1.524284 0.461032 0.000000  1.540243 0.573816 0.000000  1.621707 0.578421 0.000000  1.448697 0.429786 0.000000  1.494316 0.396695 0.000000  1.466757 0.406693 0.000000  1.456652 0.383889 0.000000  1.493126 0.436398 0.000000  1.485839 0.416310 0.000000  1.514778 0.417177 0.000000  1.470912 0.433091 0.000000  1.515636 0.439949 0.000000  1.501225 0.458176 0.000000  1.555575 0.427042 0.000000  1.509897 0.482678 0.000000  1.538623 0.442835 0.000000  1.535212 0.483900 0.000000  1.575095 0.464989 0.000000  1.561507 0.487843 0.000000  1.540856 0.370663 0.000000  1.608816 0.500503 0.000000  1.571040 0.514084 0.000000  1.521257 0.390243 0.000000  1.586947 0.487501 0.000000  1.620930 0.455234 0.000000  1.608489 0.476160 0.000000  1.651805 0.487752 0.000000  1.628512 0.488065 0.000000  1.640713 0.529200 0.000000  1.596235 0.524836 0.000000  1.500571 0.363344 0.000000  1.549185 0.398600 0.000000  1.619044 0.521210 0.000000  1.620812 0.549795 0.000000  1.536563 0.416374 0.000000  1.594543 0.369866 0.000000  1.564694 0.745974 0.000000  1.594415 0.564948 0.000000  1.585290 0.405427 0.000000  1.567812 0.377836 0.000000  1.600587 0.545131 0.000000  1.587846 0.612634 0.000000  1.567049 0.326463 0.000000  1.599076 0.589886 0.000000  1.621741 0.615221 0.000000  1.575120 0.592206 0.000000  1.561051 0.615148 0.000000  1.574675 0.352042 0.000000  1.578904 0.661390 0.000000  1.536728 0.621046 0.000000  1.555168 0.643986 0.000000  1.529873 0.645438 0.000000  1.492326 0.663600 0.000000  1.544724 0.683119 0.000000  1.508204 0.648534 0.000000  1.522351 0.670169 0.000000  1.483345 0.638235 0.000000  1.510582 0.716304 0.000000  1.522973 0.694897 0.000000  2.250000 1.000000 0.000000  1.494127 0.692490 0.000000  1.534243 0.715710 0.000000  1.523466 0.757952 0.000000  1.549160 0.345723 0.000000  1.637177 0.320656 0.000000  1.579104 0.636229 0.000000  1.532248 0.817784 0.000000  1.557577 0.665589 0.000000  1.566693 0.685750 0.000000  1.462160 0.732169 0.000000  1.462213 0.679978 0.000000  1.523609 0.351068 0.000000  1.499577 0.333724 0.000000  1.529840 0.317112 0.000000  1.599151 0.344745 0.000000  1.641380 0.365473 0.000000  1.617342 0.361064 0.000000  1.622845 0.398800 0.000000  1.554563 0.704254 0.000000  1.593431 0.716506 0.000000  1.351668 0.856519 0.000000  1.306453 0.845238 0.000000  1.409847 0.756781 0.000000  1.655135 0.563049 0.000000  1.337029 0.810070 0.000000  1.350899 0.831230 0.000000  1.606343 0.683630 0.000000  1.484021 0.717065 0.000000  1.506255 0.310017 0.000000  1.493745 0.271770 0.000000  1.650000 0.200000 0.000000  1.599532 0.648972 0.000000  1.353913 0.778982 0.000000  1.498054 0.742997 0.000000  1.460277 0.706072 0.000000  1.436731 0.720888 0.000000  1.363458 0.809267 0.000000  1.293049 0.802709 0.000000  1.326701 0.831966 0.000000  1.484249 0.795522 0.000000  1.436585 0.755519 0.000000  1.415029 0.705804 0.000000  1.438071 0.696899 0.000000  1.314001 0.812592 0.000000  1.498559 0.771206 0.000000  1.300704 0.346311 0.000000  1.623608 0.649164 0.000000  1.466255 0.768563 0.000000  1.318038 0.776883 0.000000  1.508304 0.793310 0.000000  1.504346 0.837628 0.000000  1.498145 0.814738 0.000000  1.460669 0.837176 0.000000  1.474267 0.817372 0.000000  1.432362 0.803168 0.000000  1.457915 0.796697 0.000000  1.319454 0.331055 0.000000  1.323825 0.353362 0.000000  1.449611 0.817595 0.000000  1.420429 0.846988 0.000000  1.428268 0.825587 0.000000  1.386412 0.822391 0.000000  1.408379 0.810372 0.000000  1.385572 0.794771 0.000000  1.412772 0.781472 0.000000  1.440051 0.779837 0.000000  1.301451 0.317177 0.000000  1.328871 0.300223 0.000000  1.285377 0.331341 0.000000  1.266565 0.318546 0.000000  1.283068 0.293890 0.000000  1.296831 0.256286 0.000000  1.275000 0.200000 0.000000  1.223520 0.273158 0.000000  1.245303 0.245459 0.000000  1.243712 0.280661 0.000000  1.226421 0.302251 0.000000  1.265447 0.281156 0.000000  1.210370 0.240836 0.000000  1.202081 0.312705 0.000000  1.201057 0.334675 0.000000  1.174366 0.295222 0.000000  1.360725 0.341877 0.000000  1.462500 0.200000 0.000000  1.450308 0.344111 0.000000  1.239139 0.619158 0.000000  1.316566 0.611494 0.000000  1.235263 0.654448 0.000000  1.265177 0.683881 0.000000  1.237415 0.682179 0.000000  1.249939 0.705159 0.000000  1.293741 0.720432 0.000000  1.221424 0.705797 0.000000  1.274085 0.706356 0.000000  1.295637 0.684810 0.000000  1.267790 0.735908 0.000000  1.209187 0.732682 0.000000  1.281202 0.658275 0.000000  1.320090 0.687830 0.000000  1.314863 0.710555 0.000000  1.333645 0.739429 0.000000  1.295620 0.753078 0.000000  1.240303 0.784298 0.000000  1.192049 0.751639 0.000000  1.169037 0.753992 0.000000  1.221106 0.760684 0.000000  1.154340 0.775259 0.000000  1.247677 0.754380 0.000000  1.208338 0.790673 0.000000  1.272262 0.776308 0.000000  1.074068 0.254944 0.000000  1.065870 0.232477 0.000000  1.405372 0.675022 0.000000  1.450744 0.626810 0.000000  1.480738 0.466616 0.000000  1.480084 0.376764 0.000000  1.584808 0.435998 0.000000  1.607412 0.421065 0.000000  1.596639 0.456085 0.000000  1.640699 0.427655 0.000000  1.470992 0.660248 0.000000  1.445291 0.666411 0.000000  1.602073 0.390809 0.000000  1.469084 0.271775 0.000000  1.467258 0.293605 0.000000  1.575000 0.200000 0.000000  1.507160 0.288551 0.000000  1.672390 0.339002 0.000000  1.456154 0.751273 0.000000  1.477153 0.747379 0.000000  1.540199 0.786057 0.000000  1.630142 0.756823 0.000000  1.603753 0.627567 0.000000  1.587071 0.695034 0.000000  1.569217 0.800225 0.000000  1.682846 0.628883 0.000000  1.650405 0.596795 0.000000  1.701557 0.523274 0.000000  1.364366 0.755479 0.000000  1.335327 0.789017 0.000000  1.351099 0.299641 0.000000  1.205504 0.261652 0.000000  1.201962 0.287056 0.000000  1.188861 0.220409 0.000000  1.226519 0.253102 0.000000  1.237500 0.200000 0.000000  1.229206 0.232800 0.000000  1.212048 0.218675 0.000000  1.251517 0.220993 0.000000  1.273439 0.239583 0.000000  1.275433 0.261521 0.000000  1.142489 0.281692 0.000000  1.322818 0.270987 0.000000  1.307014 0.289504 0.000000  1.321447 0.243091 0.000000  1.312500 0.200000 0.000000  1.443750 0.218430 0.000000  1.208130 0.687134 0.000000  1.290086 0.639875 0.000000  1.347005 0.723622 0.000000  1.336864 0.762749 0.000000  1.310888 0.735822 0.000000  1.234796 0.840010 0.000000  1.183086 0.801645 0.000000  1.207357 0.822962 0.000000  1.274870 0.755572 0.000000  1.295158 0.775972 0.000000  1.262543 0.805344 0.000000  1.280056 0.830181 0.000000  1.235237 0.811925 0.000000  1.267935 0.882099 0.000000  1.256004 0.828548 0.000000  1.266333 0.854351 0.000000  1.290276 0.866889 0.000000  1.240290 0.869775 0.000000  1.323147 0.874581 0.000000  1.208532 0.860247 0.000000  1.298995 0.903708 0.000000  1.265625 1.000000 0.000000  1.276759 0.933199 0.000000  1.087500 0.200000 0.000000  1.098735 0.255541 0.000000  1.131847 0.249819 0.000000  1.110616 0.278158 0.000000  1.050557 0.245983 0.000000  1.045366 0.224663 0.000000  1.652011 0.456639 0.000000  1.635877 0.469073 0.000000  1.697735 0.422094 0.000000  1.699916 0.472514 0.000000  1.670001 0.432918 0.000000  1.673391 0.472338 0.000000  1.661367 0.396787 0.000000  1.691715 0.447611 0.000000  1.739960 0.445525 0.000000  1.716132 0.453372 0.000000  1.741957 0.491689 0.000000  1.723641 0.476173 0.000000  1.717481 0.502012 0.000000  1.686482 0.498355 0.000000  1.657783 0.416741 0.000000  1.678988 0.410251 0.000000  1.694045 0.372282 0.000000  1.700574 0.396841 0.000000  1.740845 0.372988 0.000000  1.730406 0.412980 0.000000  1.717346 0.379235 0.000000  1.718020 0.334453 0.000000  1.723998 0.356939 0.000000  1.760871 0.335098 0.000000  1.747210 0.540871 0.000000  1.670990 0.524746 0.000000  1.726865 0.525634 0.000000  1.710027 0.569318 0.000000  1.712286 0.545101 0.000000  1.683896 0.554667 0.000000  1.658035 0.541817 0.000000  1.653412 0.510390 0.000000  1.682443 0.587888 0.000000  1.621934 0.435079 0.000000  1.632958 0.343657 0.000000  1.521614 0.778088 0.000000  1.547238 0.762832 0.000000  1.539625 0.739579 0.000000  1.587416 0.810540 0.000000  1.562940 0.780270 0.000000  1.591411 0.782279 0.000000  1.518427 0.736272 0.000000  1.875000 1.000000 0.000000  1.626709 0.710602 0.000000  1.650367 0.630670 0.000000  1.630163 0.596813 0.000000  1.641948 0.578405 0.000000  1.189549 0.243650 0.000000  1.167842 0.248852 0.000000  1.162597 0.271009 0.000000  1.162500 0.200000 0.000000  1.154629 0.297408 0.000000  1.329896 0.853688 0.000000  1.406250 1.000000 0.000000  1.214927 0.841384 0.000000  1.186549 0.842279 0.000000  1.177965 0.822546 0.000000  1.160766 0.841761 0.000000  1.173170 0.866258 0.000000  1.191853 0.883580 0.000000  1.303812 0.883125 0.000000  1.322050 0.898248 0.000000  1.351469 0.887754 0.000000  1.320201 0.941848 0.000000  1.388907 0.872375 0.000000  1.343723 0.912523 0.000000  1.259683 0.909836 0.000000  1.366972 0.872235 0.000000  1.376800 0.847355 0.000000  1.377803 0.893636 0.000000  1.421044 0.902690 0.000000  1.400700 0.892065 0.000000  1.413703 0.870900 0.000000  1.392036 0.933441 0.000000  1.446692 0.867276 0.000000  1.398566 0.841403 0.000000  1.235442 0.906945 0.000000  1.278328 0.900287 0.000000  1.247986 0.889680 0.000000  1.256541 0.961313 0.000000  1.641562 0.387392 0.000000  1.667455 0.370865 0.000000  1.717905 0.431280 0.000000  1.792876 0.412316 0.000000  1.633597 0.507442 0.000000  1.663385 0.581409 0.000000  1.716064 0.608057 0.000000  1.670916 0.608501 0.000000  1.538692 0.286797 0.000000  1.600570 0.304926 0.000000  1.548873 0.805090 0.000000  1.595125 0.751563 0.000000  1.563063 0.840908 0.000000  1.614701 0.775522 0.000000  1.639512 0.803492 0.000000  1.612470 0.799669 0.000000  1.501250 0.916214 0.000000  1.608812 0.825545 0.000000  1.591311 0.866124 0.000000  1.577148 0.763804 0.000000  1.582511 0.734603 0.000000  1.563342 0.724212 0.000000  1.580403 0.829864 0.000000  1.568479 0.863271 0.000000  1.491452 0.893914 0.000000  1.459129 0.921418 0.000000  1.687500 1.000000 0.000000  1.545473 0.862900 0.000000  1.574837 0.905171 0.000000  1.506874 0.875060 0.000000  1.539558 0.840138 0.000000  1.520646 0.857203 0.000000  1.527549 0.884064 0.000000  1.484792 0.870484 0.000000  1.464044 0.889043 0.000000  1.556599 0.886506 0.000000  1.578237 0.883607 0.000000  1.614765 0.900415 0.000000  1.539638 0.921321 0.000000  1.597174 0.844589 0.000000  1.636753 0.855697 0.000000  1.613992 0.860734 0.000000  1.630252 0.880265 0.000000  1.677056 0.879506 0.000000  1.654219 0.914713 0.000000  1.653547 0.873285 0.000000  1.636763 0.901296 0.000000  1.593750 1.000000 0.000000  1.676330 0.834721 0.000000  1.670377 0.857216 0.000000  1.713231 0.856521 0.000000  1.440648 0.889893 0.000000  1.540808 0.900352 0.000000  1.521637 0.909800 0.000000  1.518308 0.934825 0.000000  1.624378 0.935475 0.000000  1.483943 0.949200 0.000000  1.561244 0.956337 0.000000  1.539990 0.945475 0.000000  1.566307 0.933012 0.000000  1.514957 0.969042 0.000000  1.595659 0.926778 0.000000  1.600205 0.963532 0.000000  1.606075 0.944148 0.000000  1.640625 1.000000 0.000000  1.583577 0.947916 0.000000  1.654683 0.947207 0.000000  1.625013 0.960464 0.000000  1.546875 1.000000 0.000000  1.615459 0.985037 0.000000  1.540370 0.970957 0.000000  1.608261 0.703357 0.000000  1.640367 0.679116 0.000000  1.149223 0.226170 0.000000  1.123624 0.225569 0.000000  1.169768 0.228287 0.000000  1.300397 0.927894 0.000000  1.294561 0.957206 0.000000  1.320529 0.971477 0.000000  1.359375 1.000000 0.000000  1.336437 0.956484 0.000000  1.341347 0.934714 0.000000  1.343910 0.980349 0.000000  1.366494 0.926184 0.000000  1.379241 0.968455 0.000000  1.360730 0.950525 0.000000  1.441661 0.846645 0.000000  1.238651 0.951375 0.000000  1.257788 0.940883 0.000000  1.240417 0.983364 0.000000  1.068750 0.210954 0.000000  1.089333 0.224662 0.000000  1.761735 0.421458 0.000000  1.703975 0.590101 0.000000  1.729193 0.586171 0.000000  1.694041 0.609836 0.000000  1.706763 0.630127 0.000000  1.733694 0.561728 0.000000  1.750537 0.635579 0.000000  1.692600 0.671904 0.000000  1.777426 0.575260 0.000000  1.729419 0.626680 0.000000  1.693790 0.649018 0.000000  1.752663 0.577857 0.000000  1.726879 0.662212 0.000000  1.664198 0.658953 0.000000  1.768272 0.607332 0.000000  1.642951 0.658005 0.000000  1.552119 0.307167 0.000000  1.575022 0.277461 0.000000  1.589444 0.324464 0.000000  1.576336 0.304063 0.000000  1.613524 0.325241 0.000000  1.613538 0.733104 0.000000  1.466638 0.858242 0.000000  1.482456 0.842382 0.000000  1.712054 0.930136 0.000000  1.648820 0.973914 0.000000  1.681550 0.967103 0.000000  1.664062 1.000000 0.000000  1.523438 1.000000 0.000000  1.453125 1.000000 0.000000  1.504791 0.950774 0.000000  1.492905 0.969351 0.000000  1.462373 0.970862 0.000000  1.476562 1.000000 0.000000  1.429688 0.976525 0.000000  1.459303 0.946235 0.000000  1.429277 0.934036 0.000000  1.570312 1.000000 0.000000  1.561587 0.979039 0.000000  1.624632 0.690996 0.000000  1.621998 0.671148 0.000000  1.643000 0.698964 0.000000  1.666430 0.685756 0.000000  1.654156 0.731801 0.000000  1.701130 0.719664 0.000000  1.689213 0.697150 0.000000  1.715617 0.687843 0.000000  1.675814 0.718653 0.000000  1.686795 0.761155 0.000000  1.674900 0.741559 0.000000  1.657992 0.765232 0.000000  1.766685 0.694993 0.000000  1.677224 0.797321 0.000000  1.638514 0.779417 0.000000  1.742159 0.684216 0.000000  1.674379 0.777218 0.000000  1.699619 0.783898 0.000000  1.657157 0.789908 0.000000  1.660307 0.812252 0.000000  1.704043 0.816673 0.000000  1.728814 0.752450 0.000000  1.640702 0.829730 0.000000  1.709195 0.763512 0.000000  1.700080 0.742523 0.000000  1.736323 0.788696 0.000000  1.765989 0.663281 0.000000  1.732831 0.714888 0.000000  1.719634 0.732472 0.000000  1.106180 0.236403 0.000000  1.751507 0.397129 0.000000  1.780696 0.369814 0.000000  1.792301 0.467966 0.000000  1.521569 0.263280 0.000000  1.498034 0.235986 0.000000  1.551110 0.259763 0.000000  1.537500 0.200000 0.000000  1.585184 0.238727 0.000000  1.572355 0.256061 0.000000  1.557738 0.234988 0.000000  1.600432 0.263427 0.000000  1.573612 0.221068 0.000000  1.553470 0.214110 0.000000  1.612500 0.200000 0.000000  1.527798 0.230234 0.000000  1.597220 0.218220 0.000000  1.631250 0.231242 0.000000  1.595321 0.284194 0.000000  1.633532 0.282585 0.000000  1.510112 0.218599 0.000000  1.609189 0.240965 0.000000  1.629448 0.257044 0.000000  1.725000 0.200000 0.000000  1.655634 0.265954 0.000000  1.652650 0.242129 0.000000  1.696377 0.248753 0.000000  1.673580 0.251608 0.000000  1.687500 0.200000 0.000000  1.690039 0.290594 0.000000  1.681974 0.226191 0.000000  1.660528 0.295460 0.000000  1.710168 0.224071 0.000000  1.678724 0.313890 0.000000  1.704687 0.312104 0.000000  1.658754 0.322207 0.000000  1.694846 0.333127 0.000000  1.734659 0.275952 0.000000  1.736708 0.308151 0.000000  1.714460 0.289707 0.000000  1.701552 0.270937 0.000000  1.720942 0.254719 0.000000  1.765441 0.241019 0.000000  1.745123 0.254145 0.000000  1.732534 0.233427 0.000000  1.778550 0.283599 0.000000  1.757683 0.273586 0.000000  1.758836 0.297933 0.000000  1.786359 0.315064 0.000000  1.680961 0.930581 0.000000  1.677989 0.905122 0.000000  1.709836 0.891137 0.000000  1.696768 0.948592 0.000000  1.781250 1.000000 0.000000  1.734375 1.000000 0.000000  1.710938 1.000000 0.000000  1.721395 0.953431 0.000000  1.758019 0.925225 0.000000  1.738626 0.973721 0.000000  1.735729 0.934163 0.000000  1.727713 0.909683 0.000000  1.756043 0.952560 0.000000  1.743135 0.876929 0.000000  1.757812 1.000000 0.000000  1.769531 0.975810 0.000000  1.800916 0.942065 0.000000  1.798693 0.976616 0.000000  1.780080 0.954153 0.000000  1.429688 1.000000 0.000000  1.404148 0.974464 0.000000  1.418541 0.955387 0.000000  1.438737 0.914797 0.000000  1.410842 0.922124 0.000000  1.584196 0.979504 0.000000  1.683997 0.816193 0.000000  1.698767 0.838873 0.000000  1.723812 0.833098 0.000000  1.726407 0.809866 0.000000  1.768892 0.816860 0.000000  1.745930 0.823807 0.000000  1.766852 0.851542 0.000000  1.742991 0.847783 0.000000  1.746621 0.655924 0.000000  1.782461 0.635932 0.000000  1.769043 0.449953 0.000000  1.795225 0.440168 0.000000  1.766138 0.477726 0.000000  1.902991 0.474032 0.000000  1.796520 0.519225 0.000000  1.829342 0.457811 0.000000  1.816774 0.424325 0.000000  1.767742 0.508422 0.000000  1.823861 0.380440 0.000000  1.789575 0.493994 0.000000  1.816516 0.483659 0.000000  1.774116 0.535175 0.000000  1.745939 0.513787 0.000000  1.828454 0.403697 0.000000  1.801032 0.828399 0.000000  1.772161 0.880273 0.000000  1.850103 0.933365 0.000000  1.803627 0.552917 0.000000  1.764500 0.556149 0.000000  1.868751 0.493472 0.000000  1.844017 0.481199 0.000000  1.697995 0.872501 0.000000  1.838620 0.523135 0.000000  1.863639 0.472716 0.000000  1.803620 0.915081 0.000000  1.751393 0.900825 0.000000  1.820439 0.856498 0.000000  2.100000 0.200000 0.000000  1.903137 0.546748 0.000000  1.870077 0.524953 0.000000  1.851527 0.430383 0.000000  1.780926 0.929928 0.000000  1.714879 0.976426 0.000000  2.400000 0.200000 0.000000  1.831924 0.500958 0.000000  1.482867 0.252317 0.000000  1.475398 0.230173 0.000000  1.631250 0.200000 0.000000  1.659901 0.220525 0.000000  1.703013 0.352880 0.000000  1.739519 0.329938 0.000000  1.745658 0.351294 0.000000  1.762500 0.200000 0.000000  1.787589 0.342859 0.000000  1.792947 0.861577 0.000000  1.805557 0.361812 0.000000  1.812665 0.337081 0.000000  1.699686 0.911277 0.000000  1.777811 0.906751 0.000000  1.811613 0.885670 0.000000  1.824283 0.930778 0.000000  1.840209 0.901972 0.000000  1.828125 1.000000 0.000000  1.790910 0.890114 0.000000  1.722595 0.874914 0.000000  1.833898 0.964962 0.000000  1.804688 1.000000 0.000000  1.790908 0.758487 0.000000  1.813262 0.602832 0.000000  1.821254 0.677932 0.000000  1.745217 0.467993 0.000000  1.816509 0.532604 0.000000  1.842844 0.563547 0.000000  1.481250 0.200000 0.000000  1.490625 0.217145 0.000000  1.752656 0.221321 0.000000  1.776902 0.219582 0.000000  1.867385 0.383925 0.000000  1.788661 0.239652 0.000000  1.839653 0.300392 0.000000  1.789389 0.262956 0.000000  1.817178 0.290714 0.000000  1.899605 0.507941 0.000000  1.851722 0.453226 0.000000  1.886333 0.441509 0.000000  1.832370 0.437573 0.000000  1.695471 0.981571 0.000000  1.780540 0.834946 0.000000  1.900808 0.900128 0.000000  1.870424 0.963741 0.000000  1.851562 0.985867 0.000000  1.819540 0.980591 0.000000  1.812632 0.960166 0.000000  1.795411 0.793524 0.000000  1.758923 0.765113 0.000000  1.791616 0.613571 0.000000  1.816668 0.636882 0.000000  1.803153 0.578896 0.000000  1.821068 0.566229 0.000000  1.834839 0.588299 0.000000  1.838804 0.617472 0.000000  1.882720 0.590115 0.000000  1.859035 0.582454 0.000000  1.871840 0.555103 0.000000  1.863693 0.608498 0.000000  1.851096 0.653817 0.000000  1.852334 0.542128 0.000000  1.837400 0.638198 0.000000  1.857066 0.629120 0.000000  1.830127 0.658390 0.000000  1.896936 0.630557 0.000000  1.845169 0.677005 0.000000  1.805353 0.658927 0.000000  1.876388 0.646861 0.000000  1.834855 0.719864 0.000000  1.793509 0.684991 0.000000  1.869381 0.670842 0.000000  1.833968 0.696980 0.000000  1.911623 0.670169 0.000000  1.864104 0.700752 0.000000  1.808271 0.709435 0.000000  1.890398 0.663968 0.000000  1.893210 0.693768 0.000000  1.885375 0.611901 0.000000  1.924227 0.600735 0.000000  1.812231 0.738436 0.000000  1.944252 0.714609 0.000000  1.856465 0.769255 0.000000  1.782119 0.727777 0.000000  1.921670 0.696990 0.000000  1.822553 0.770775 0.000000  1.838694 0.747607 0.000000  1.888468 0.738146 0.000000  1.786032 0.705909 0.000000  1.964194 0.665768 0.000000  1.863979 0.744969 0.000000  1.871020 0.722880 0.000000  1.882475 0.763997 0.000000  1.904940 0.717464 0.000000  1.947335 0.687376 0.000000  1.931258 0.761686 0.000000  1.878791 0.812734 0.000000  1.937431 0.662268 0.000000  1.994069 0.706458 0.000000  1.906540 0.755956 0.000000  1.924203 0.735942 0.000000  1.910914 0.793264 0.000000  1.873760 0.787846 0.000000  1.838625 0.807901 0.000000  1.852082 0.790672 0.000000  1.918105 0.645237 0.000000  1.918148 0.622571 0.000000  1.959897 0.622429 0.000000  1.941418 0.638263 0.000000  1.968011 0.703508 0.000000  1.976026 0.749270 0.000000  1.964818 0.727650 0.000000  1.951625 0.748205 0.000000  1.962187 0.786286 0.000000  1.810095 0.313428 0.000000  1.853310 0.320697 0.000000  1.830677 0.323157 0.000000  1.950000 0.200000 0.000000  1.845476 0.353965 0.000000  1.875000 0.200000 0.000000  1.837383 0.274727 0.000000  1.866796 0.246861 0.000000  1.856279 0.285988 0.000000  1.878021 0.289331 0.000000  1.870062 0.268716 0.000000  1.814075 0.266031 0.000000  1.907172 0.251997 0.000000  1.835742 0.243539 0.000000  1.893621 0.271464 0.000000  1.934906 0.285753 0.000000  1.907188 0.299053 0.000000  1.812129 0.242474 0.000000  1.837500 0.200000 0.000000  1.824915 0.221297 0.000000  1.851011 0.222351 0.000000  1.884144 0.319571 0.000000  1.944625 0.341540 0.000000  1.869528 0.342072 0.000000  1.914442 0.330399 0.000000  1.796252 0.295907 0.000000  1.853698 0.405188 0.000000  1.884730 0.410127 0.000000  1.889298 0.489788 0.000000  1.891630 0.528231 0.000000  1.915825 0.526029 0.000000  1.946210 0.558880 0.000000  1.933161 0.494168 0.000000  1.926384 0.546739 0.000000  1.947793 0.522776 0.000000  1.923525 0.573666 0.000000  1.948099 0.586572 0.000000  1.905456 0.587678 0.000000  1.891857 0.568079 0.000000  1.996246 0.569376 0.000000  1.944460 0.607639 0.000000  1.966079 0.600526 0.000000  1.971228 0.575330 0.000000  2.001816 0.622437 0.000000  1.976400 0.541522 0.000000  1.883648 0.463411 0.000000  1.870768 0.909596 0.000000  1.851821 0.954201 0.000000  1.869705 0.942237 0.000000  2.062500 1.000000 0.000000  1.788594 0.812513 0.000000  1.774806 0.796845 0.000000  1.809199 0.809192 0.000000  1.753717 0.801495 0.000000  1.824727 0.827134 0.000000  1.855749 0.834913 0.000000  1.823209 0.792533 0.000000  1.753414 0.736085 0.000000  1.755035 0.713920 0.000000  1.785126 0.656172 0.000000  1.802794 0.774767 0.000000  1.782261 0.777516 0.000000  1.846076 0.376517 0.000000  1.802593 0.222189 0.000000  1.937636 0.314017 0.000000  1.986377 0.295045 0.000000  1.959331 0.297658 0.000000  1.987500 0.200000 0.000000  1.975873 0.327606 0.000000  1.970722 0.274286 0.000000  2.035565 0.257977 0.000000  1.995486 0.271894 0.000000  2.031971 0.299618 0.000000  2.009819 0.290901 0.000000  2.009374 0.324540 0.000000  1.871946 0.426512 0.000000  1.910399 0.374293 0.000000  1.912718 0.492127 0.000000  1.924857 0.473939 0.000000  1.913814 0.447961 0.000000  1.964869 0.469333 0.000000  1.942500 0.451102 0.000000  1.932466 0.410183 0.000000  1.930025 0.432471 0.000000  1.906175 0.423737 0.000000  1.961818 0.424675 0.000000  1.906899 0.398897 0.000000  1.889973 0.383938 0.000000  1.878691 0.363523 0.000000  1.894073 0.344270 0.000000  1.904886 0.607640 0.000000  1.956147 0.541229 0.000000  1.968750 1.000000 0.000000  1.858215 0.814416 0.000000  1.896927 0.854636 0.000000  1.991583 0.314699 0.000000  1.923125 0.353332 0.000000  1.950641 0.378004 0.000000  2.064853 0.352138 0.000000  2.035701 0.520268 0.000000  1.980656 0.503827 0.000000  1.908185 0.951715 0.000000  1.877697 0.879188 0.000000  1.871621 0.854622 0.000000  1.884284 0.835232 0.000000  1.848497 0.873376 0.000000  1.904216 0.818446 0.000000  1.939910 0.814459 0.000000  1.929493 0.387282 0.000000  1.969852 0.356107 0.000000  1.990083 0.393232 0.000000  1.973156 0.378381 0.000000  2.001854 0.362742 0.000000  1.967766 0.401597 0.000000  1.986959 0.418849 0.000000  1.979975 0.445868 0.000000  2.033932 0.411578 0.000000  2.009420 0.408589 0.000000  2.025045 0.382463 0.000000  2.017399 0.445159 0.000000  1.998874 0.474629 0.000000  2.032195 0.350558 0.000000  2.060401 0.387585 0.000000  1.998511 0.436247 0.000000  2.009048 0.539258 0.000000  1.969010 0.521600 0.000000  1.957237 0.501183 0.000000  1.991907 0.523902 0.000000  2.008918 0.501178 0.000000  2.034362 0.476379 0.000000  1.921875 1.000000 0.000000  1.842097 0.852254 0.000000  1.924853 0.841432 0.000000  1.980196 0.854637 0.000000  1.923762 0.875258 0.000000  1.954387 0.840230 0.000000  1.984272 0.817015 0.000000  1.954169 0.870940 0.000000  1.974253 0.834962 0.000000  1.959728 0.820277 0.000000  2.000413 0.837796 0.000000  1.936928 0.858752 0.000000  1.996083 0.908927 0.000000  1.945375 0.918233 0.000000  2.029180 0.798791 0.000000  1.980483 0.884023 0.000000  1.941807 0.893106 0.000000  1.964466 0.902705 0.000000  1.923350 0.908544 0.000000  1.974598 0.934662 0.000000  1.925494 0.933546 0.000000  1.949809 0.944552 0.000000  1.899979 0.926568 0.000000  2.009296 0.814236 0.000000  1.993606 0.787007 0.000000  2.046619 0.841763 0.000000  2.024076 0.833263 0.000000  2.021241 0.874927 0.000000  1.973323 0.967478 0.000000  1.998558 0.869152 0.000000  1.936419 0.788804 0.000000  1.994022 0.341359 0.000000  1.980123 0.483212 0.000000  2.035006 0.325075 0.000000  2.078618 0.306967 0.000000  2.054258 0.309870 0.000000  2.025000 0.200000 0.000000  2.068853 0.328674 0.000000  2.064069 0.288545 0.000000  2.112216 0.335131 0.000000  2.104000 0.271964 0.000000  2.088713 0.344132 0.000000  2.116420 0.381295 0.000000  2.085017 0.372673 0.000000  2.107808 0.358806 0.000000  2.151981 0.354783 0.000000  2.130462 0.363024 0.000000  2.155831 0.397051 0.000000  2.091389 0.410965 0.000000  2.080561 0.393091 0.000000  2.063583 0.415592 0.000000  2.085688 0.462571 0.000000  2.045439 0.438104 0.000000  2.081261 0.435964 0.000000  2.130641 0.441419 0.000000  2.105182 0.445655 0.000000  2.125421 0.488669 0.000000  2.109235 0.470017 0.000000  2.084262 0.508036 0.000000  2.091387 0.485504 0.000000  2.061665 0.488498 0.000000  2.059812 0.513478 0.000000  2.081685 0.554101 0.000000  2.054920 0.542312 0.000000  2.076477 0.530705 0.000000  2.120556 0.533171 0.000000  2.098169 0.538154 0.000000  2.118196 0.575349 0.000000  2.041044 0.498140 0.000000  2.057001 0.462191 0.000000  2.047630 0.595141 0.000000  2.058807 0.569766 0.000000  2.087176 0.586659 0.000000  2.027517 0.571133 0.000000  2.044877 0.370154 0.000000  2.015558 0.520196 0.000000  2.017109 0.465534 0.000000  2.034932 0.455598 0.000000  1.896055 0.978924 0.000000  1.900923 0.877207 0.000000  1.978251 0.771197 0.000000  2.008648 0.757037 0.000000  1.945312 0.980122 0.000000  1.920794 0.974970 0.000000  1.930395 0.955081 0.000000  2.022672 0.952962 0.000000  2.097979 0.568095 0.000000  2.114452 0.553984 0.000000  2.154197 0.558029 0.000000  2.122736 0.635994 0.000000  2.018807 0.598859 0.000000  2.037508 0.630247 0.000000  1.992381 0.597727 0.000000  2.031536 0.547516 0.000000  2.015859 0.779416 0.000000  2.051926 0.755442 0.000000  2.040213 0.776938 0.000000  2.084176 0.786953 0.000000  2.058149 0.799705 0.000000  2.063607 0.775746 0.000000  2.093759 0.744887 0.000000  2.089585 0.830932 0.000000  2.043067 0.818180 0.000000  2.066949 0.822282 0.000000  2.070663 0.846506 0.000000  2.052964 0.872910 0.000000  2.107733 0.872262 0.000000  2.092830 0.854156 0.000000  2.132378 0.836791 0.000000  2.080431 0.879548 0.000000  2.156250 1.000000 0.000000  2.056150 0.919873 0.000000  2.100026 0.898179 0.000000  2.061946 0.895890 0.000000  2.080029 0.912952 0.000000  2.033233 0.901643 0.000000  2.149150 0.946533 0.000000  2.149823 0.898883 0.000000  2.031027 0.927935 0.000000  2.012612 0.894850 0.000000  2.087273 0.933454 0.000000  2.117767 0.942096 0.000000  2.124825 0.905554 0.000000  2.188362 0.923257 0.000000  2.142767 0.922613 0.000000  2.051215 0.947668 0.000000  2.005463 0.933309 0.000000  2.015625 1.000000 0.000000  1.997293 0.957824 0.000000  2.013871 0.975690 0.000000  2.041189 0.973201 0.000000  1.992188 1.000000 0.000000  2.165473 0.929365 0.000000  2.174255 0.982737 0.000000  2.072006 0.970567 0.000000  2.072619 0.949123 0.000000  2.109375 1.000000 0.000000  2.097003 0.957240 0.000000  2.124090 0.972573 0.000000  2.085938 1.000000 0.000000  2.097656 0.980221 0.000000  2.132812 1.000000 0.000000  1.997144 0.732962 0.000000  2.036534 0.714962 0.000000  2.022231 0.735761 0.000000  2.014427 0.715077 0.000000  2.019527 0.674678 0.000000  2.111913 0.606312 0.000000  2.074023 0.621764 0.000000  2.036224 0.860100 0.000000  2.015245 0.853884 0.000000  2.039062 1.000000 0.000000  2.107243 0.921110 0.000000  2.151092 0.973480 0.000000  2.167364 0.958764 0.000000  2.184649 0.945023 0.000000  2.225091 0.940722 0.000000  2.205964 0.953155 0.000000  2.203125 1.000000 0.000000  2.232210 0.972603 0.000000  2.015132 0.647046 0.000000  1.992738 0.664773 0.000000  1.983196 0.685942 0.000000  1.977674 0.642549 0.000000  2.151354 0.598196 0.000000  2.053398 0.615817 0.000000  2.069039 0.600311 0.000000  2.058382 0.637269 0.000000  2.040118 0.657025 0.000000  2.090912 0.654441 0.000000  2.047581 0.686566 0.000000  2.066047 0.666187 0.000000  2.073915 0.713157 0.000000  2.054823 0.705729 0.000000  2.070560 0.688833 0.000000  2.056082 0.730744 0.000000  2.115358 0.695048 0.000000  2.092083 0.698258 0.000000  2.100886 0.676099 0.000000  2.107087 0.721063 0.000000  2.132222 0.667167 0.000000  2.142655 0.756602 0.000000  2.119859 0.743848 0.000000  2.140433 0.717343 0.000000  2.116199 0.777141 0.000000  2.090469 0.607909 0.000000  2.102636 0.626508 0.000000  2.197779 0.976168 0.000000  2.226562 1.000000 0.000000  2.426366 0.702090 0.000000  2.134253 0.614981 0.000000  2.172559 0.636904 0.000000  2.147656 0.635989 0.000000  2.159201 0.661113 0.000000  2.208796 0.672688 0.000000  2.151465 0.689778 0.000000  2.185631 0.659907 0.000000  2.192317 0.722117 0.000000  2.219872 0.625232 0.000000  2.167085 0.712019 0.000000  2.207641 0.647398 0.000000  2.253051 0.657997 0.000000  2.228851 0.659101 0.000000  2.242910 0.701448 0.000000  2.229909 0.682257 0.000000  2.215311 0.706146 0.000000  2.179135 0.686951 0.000000  2.169576 0.742368 0.000000  2.232127 0.754892 0.000000  2.194788 0.701137 0.000000  2.149269 0.736535 0.000000  2.181347 0.797207 0.000000  2.216844 0.732891 0.000000  2.167728 0.771448 0.000000  2.244958 0.729671 0.000000  2.197443 0.758738 0.000000  2.144809 0.800045 0.000000  2.293966 0.711928 0.000000  2.146815 0.778171 0.000000  2.266960 0.713888 0.000000  2.283253 0.765027 0.000000  2.267084 0.684181 0.000000  2.259119 0.752750 0.000000  2.282225 0.737190 0.000000  2.306485 0.646212 0.000000  2.249421 0.801671 0.000000  2.332087 0.749287 0.000000  2.281430 0.659640 0.000000  2.247371 0.775843 0.000000  2.215915 0.791335 0.000000  2.305450 0.750270 0.000000  2.270154 0.608510 0.000000  2.308849 0.680713 0.000000  2.317878 0.725657 0.000000  2.545891 0.645181 0.000000  2.283002 0.632485 0.000000  2.366872 0.712283 0.000000  2.306391 0.775758 0.000000  2.285343 0.805066 0.000000  2.256237 0.631399 0.000000  2.319078 0.597721 0.000000  2.344261 0.725879 0.000000  2.241690 0.606879 0.000000  2.305943 0.620190 0.000000  2.352343 0.632241 0.000000  2.327444 0.632759 0.000000  2.340579 0.665435 0.000000  2.331291 0.699583 0.000000  2.637790 0.760704 0.000000  2.199767 0.579188 0.000000  2.348520 0.791700 0.000000  2.513212 0.693114 0.000000  2.216631 0.599236 0.000000  2.192365 0.615461 0.000000  2.242076 0.560714 0.000000  2.235053 0.583739 0.000000  2.263995 0.579983 0.000000  2.168961 0.613713 0.000000  2.175502 0.588543 0.000000  2.287195 0.531493 0.000000  2.291497 0.588974 0.000000  2.268757 0.552466 0.000000  2.316431 0.558207 0.000000  2.240796 0.509293 0.000000  2.310001 0.578483 0.000000  2.289917 0.564622 0.000000  2.339050 0.576537 0.000000  2.260865 0.526937 0.000000  2.347033 0.604070 0.000000  2.360236 0.527275 0.000000  2.235861 0.535142 0.000000  2.282108 0.482539 0.000000  2.342696 0.548918 0.000000  2.399627 0.608742 0.000000  2.213960 0.554007 0.000000  2.277748 0.507733 0.000000  2.322544 0.502511 0.000000  2.300977 0.512255 0.000000  2.322106 0.530280 0.000000  2.372671 0.613823 0.000000  2.382331 0.568200 0.000000  2.183920 0.553665 0.000000  2.340217 0.516678 0.000000  2.356494 0.478264 0.000000  2.360479 0.502608 0.000000  2.401642 0.483372 0.000000  2.391462 0.515248 0.000000  2.378348 0.487185 0.000000  2.383235 0.443984 0.000000  2.395157 0.659067 0.000000  2.382529 0.592076 0.000000  2.362220 0.580305 0.000000  2.411066 0.579901 0.000000  2.366529 0.550304 0.000000  2.393074 0.542789 0.000000  2.162882 0.513776 0.000000  2.377534 0.639616 0.000000  2.368273 0.665717 0.000000  2.456473 0.614600 0.000000  2.441091 0.526162 0.000000  2.166356 0.537437 0.000000  2.144078 0.528622 0.000000  2.198108 0.520690 0.000000  2.128572 0.511530 0.000000  2.106963 0.502861 0.000000  2.388451 0.689627 0.000000  2.428876 0.603654 0.000000  2.414737 0.527704 0.000000  2.215009 0.533078 0.000000  2.218337 0.510815 0.000000  2.190717 0.479892 0.000000  2.227198 0.475104 0.000000  2.452190 0.567620 0.000000  2.429609 0.642066 0.000000  2.426348 0.500174 0.000000  2.417029 0.554093 0.000000  2.449651 0.591537 0.000000  2.493947 0.590976 0.000000  2.471878 0.597503 0.000000  2.476617 0.572954 0.000000  2.494483 0.633361 0.000000  2.470932 0.540388 0.000000  2.517230 0.551244 0.000000  2.499985 0.567826 0.000000  2.538004 0.590105 0.000000  2.515852 0.584328 0.000000  2.519641 0.615152 0.000000  2.417190 0.623090 0.000000  2.399784 0.637166 0.000000  2.443781 0.447975 0.000000  2.477412 0.488382 0.000000  2.498276 0.612117 0.000000  2.477734 0.619410 0.000000  2.464076 0.652838 0.000000  2.571757 0.635059 0.000000  2.427703 0.471616 0.000000  2.453633 0.501871 0.000000  2.594533 0.650011 0.000000  2.549257 0.617610 0.000000  2.405654 0.457502 0.000000  2.385196 0.466083 0.000000  2.415495 0.415830 0.000000  2.364320 0.456799 0.000000  2.403885 0.435086 0.000000  2.322355 0.453659 0.000000  2.379703 0.407378 0.000000  2.358535 0.427894 0.000000  2.454963 0.472867 0.000000  2.476620 0.514690 0.000000  2.518573 0.640160 0.000000  2.570769 0.670642 0.000000  2.592387 0.583909 0.000000  2.357271 0.747515 0.000000  2.465331 0.710727 0.000000  2.549150 0.666882 0.000000  2.682269 0.767330 0.000000  2.344041 0.445826 0.000000  2.319500 0.411165 0.000000  2.493691 0.440829 0.000000  2.523653 0.502939 0.000000  2.497153 0.532714 0.000000  2.575575 0.606842 0.000000  2.348809 0.396681 0.000000  2.478845 0.462310 0.000000  2.512789 0.469898 0.000000  2.498479 0.502182 0.000000  2.520878 0.527150 0.000000  2.565183 0.519964 0.000000  2.546235 0.543312 0.000000  2.542017 0.517308 0.000000  2.558307 0.477569 0.000000  2.564524 0.581111 0.000000  2.625000 1.000000 0.000000  2.536790 0.565771 0.000000  2.579187 0.550692 0.000000  2.597518 0.622930 0.000000  2.648809 0.686161 0.000000  2.553294 0.707087 0.000000  2.674629 0.799717 0.000000  2.606139 0.674662 0.000000  2.635759 0.542807 0.000000  3.000000 0.600000 0.000000  2.619831 0.600148 0.000000  2.674008 0.476734 0.000000  2.592588 0.526030 0.000000  2.585087 0.494980 0.000000  2.629982 0.700445 0.000000  2.113057 0.655970 0.000000  2.095717 0.767458 0.000000  2.107646 0.806388 0.000000  2.124921 0.795567 0.000000  2.130815 0.815787 0.000000  2.156404 0.824443 0.000000  2.112488 0.827711 0.000000  2.114463 0.849708 0.000000  2.141141 0.867826 0.000000  2.636997 0.645076 0.000000  2.196357 0.780886 0.000000  2.216206 0.769637 0.000000  2.288612 0.690220 0.000000  2.463003 0.749014 0.000000  2.236239 0.639018 0.000000  2.319690 0.662639 0.000000  2.379669 0.759164 0.000000  2.514630 0.723857 0.000000  2.183430 0.502281 0.000000  2.158469 0.481776 0.000000  2.253914 0.484277 0.000000  2.256817 0.432331 0.000000  2.266501 0.458926 0.000000  2.241124 0.453106 0.000000  2.204757 0.445491 0.000000  2.227685 0.426640 0.000000  2.292368 0.434446 0.000000  2.193276 0.408158 0.000000  2.252339 0.377842 0.000000  2.206685 0.424466 0.000000  2.180131 0.432632 0.000000  2.219830 0.399992 0.000000  2.183203 0.456760 0.000000  2.157298 0.447799 0.000000  2.171672 0.412321 0.000000  2.178463 0.389424 0.000000  2.147431 0.421617 0.000000  2.119641 0.415073 0.000000  2.210590 0.489938 0.000000  2.697651 0.741133 0.000000  2.439218 0.548878 0.000000  2.450529 0.635657 0.000000  2.412582 0.348154 0.000000  2.496952 0.670690 0.000000  2.346076 0.768257 0.000000  2.711333 0.766781 0.000000  2.663228 0.507886 0.000000  2.540452 0.688094 0.000000  2.496488 0.767723 0.000000  2.486788 0.695168 0.000000  2.652624 0.728808 0.000000  2.659095 0.770290 0.000000  2.499373 0.743231 0.000000  2.476603 0.668966 0.000000  2.460774 0.681868 0.000000  2.517912 0.757831 0.000000  2.541347 0.760591 0.000000  2.749085 0.719100 0.000000  2.527339 0.669288 0.000000  2.489035 0.720842 0.000000  2.635841 0.573713 0.000000  2.524736 0.800756 0.000000  2.441371 0.664958 0.000000  2.595858 0.720197 0.000000  2.447547 0.698745 0.000000  2.441208 0.727343 0.000000  2.606419 0.698653 0.000000  2.579189 0.698665 0.000000  2.422968 0.767484 0.000000  2.404564 0.731892 0.000000  2.439551 0.750805 0.000000  2.453686 0.781442 0.000000  2.340341 0.416442 0.000000  2.325283 0.432119 0.000000  2.534301 0.481131 0.000000  2.452743 0.371455 0.000000  2.559782 0.560081 0.000000  2.563791 0.498434 0.000000  2.607717 0.505944 0.000000  2.502272 0.399400 0.000000  2.700000 0.200000 0.000000  2.542734 0.455294 0.000000  2.510383 0.422039 0.000000  2.538167 0.427373 0.000000  2.550000 0.200000 0.000000  2.535316 0.394014 0.000000  2.610817 0.470709 0.000000  2.482743 0.339304 0.000000  2.489661 0.361128 0.000000  2.459983 0.348140 0.000000  2.207444 0.846146 0.000000  2.126261 0.883783 0.000000  2.146574 0.499721 0.000000  2.137965 0.466141 0.000000  2.207539 0.466692 0.000000  2.296802 0.460533 0.000000  2.315233 0.478113 0.000000  2.335890 0.470865 0.000000  2.284355 0.397657 0.000000  2.133097 0.396747 0.000000  2.404495 0.382403 0.000000  2.216868 0.874378 0.000000  2.318717 0.806822 0.000000  2.646515 0.469383 0.000000  2.761991 0.666290 0.000000  2.412953 0.678989 0.000000  2.402855 0.755330 0.000000  2.396454 0.788641 0.000000  2.379510 0.734020 0.000000  2.390400 0.713088 0.000000  2.473483 0.769577 0.000000  2.487814 0.803736 0.000000  2.517101 0.446257 0.000000  2.667981 0.747658 0.000000  2.466534 0.400638 0.000000  2.485780 0.416904 0.000000  2.467561 0.436198 0.000000  2.666070 0.411702 0.000000  2.444276 0.419076 0.000000  2.432800 0.391611 0.000000  2.424491 0.369046 0.000000  2.483822 0.383265 0.000000  2.425376 0.307749 0.000000  2.435581 0.348884 0.000000  2.507186 0.375859 0.000000  2.642707 0.617151 0.000000  2.659759 0.390119 0.000000  2.185755 0.826284 0.000000  2.201147 0.809078 0.000000  2.226828 0.815436 0.000000  2.175157 0.859629 0.000000  2.262527 0.848605 0.000000  2.249355 0.826986 0.000000  2.273932 0.826834 0.000000  2.234839 0.850652 0.000000  2.300916 0.827104 0.000000  2.287217 0.847667 0.000000  2.304768 0.879004 0.000000  2.276535 0.891907 0.000000  2.310844 0.848562 0.000000  2.275637 0.868280 0.000000  2.336253 0.831742 0.000000  2.437500 1.000000 0.000000  2.245829 0.881243 0.000000  2.339490 0.810834 0.000000  2.374101 0.815469 0.000000  2.343968 0.871000 0.000000  2.296875 1.000000 0.000000  2.224399 0.907126 0.000000  2.196555 0.865470 0.000000  2.195787 0.894836 0.000000  2.322683 0.866752 0.000000  2.328280 0.894159 0.000000  2.301178 0.908490 0.000000  2.173450 0.904180 0.000000  2.166108 0.881591 0.000000  2.377179 0.910389 0.000000  2.269380 0.939350 0.000000  2.355018 0.895378 0.000000  2.277965 0.916383 0.000000  2.249931 0.918993 0.000000  2.392709 0.863599 0.000000  2.327757 0.925962 0.000000  2.378345 0.884804 0.000000  2.423118 0.899665 0.000000  2.398636 0.898548 0.000000  2.297897 0.936921 0.000000  2.397568 0.921975 0.000000  2.286206 0.968280 0.000000  2.300215 0.491890 0.000000  2.298284 0.413890 0.000000  2.276273 0.418685 0.000000  2.306366 0.392863 0.000000  2.252351 0.405269 0.000000  2.287118 0.357420 0.000000  2.399752 0.402487 0.000000  2.373217 0.376147 0.000000  2.302593 0.795243 0.000000  2.285334 0.784992 0.000000  2.326721 0.785669 0.000000  2.635243 0.667821 0.000000  2.653510 0.558213 0.000000  2.372031 0.783030 0.000000  2.426902 0.799607 0.000000  2.505195 0.788872 0.000000  2.655766 0.449276 0.000000  2.580790 0.445269 0.000000  2.662616 0.586416 0.000000  2.447040 0.324208 0.000000  2.563606 0.457283 0.000000  2.560328 0.434298 0.000000  2.585237 0.469926 0.000000  2.556058 0.409042 0.000000  2.582473 0.417564 0.000000  2.572327 0.364758 0.000000  2.557947 0.384606 0.000000  2.536416 0.364739 0.000000  2.585685 0.389569 0.000000  2.720261 0.722863 0.000000  2.662468 0.658480 0.000000  2.765025 0.695013 0.000000  2.616521 0.433536 0.000000  2.514044 0.349909 0.000000  2.622990 0.353482 0.000000  2.618379 0.632003 0.000000  2.684504 0.612830 0.000000  2.608494 0.406369 0.000000  2.599248 0.366265 0.000000  2.616540 0.528330 0.000000  2.713745 0.701810 0.000000  2.465385 0.277573 0.000000  2.551520 0.317665 0.000000  2.622984 0.381911 0.000000  2.693718 0.711009 0.000000  2.675641 0.432050 0.000000  2.681201 0.387798 0.000000  2.643603 0.410765 0.000000  2.449636 0.298304 0.000000  2.420761 0.260020 0.000000  2.481677 0.306298 0.000000  2.440598 0.275090 0.000000  2.475000 0.200000 0.000000  2.454594 0.236077 0.000000  2.454811 0.258172 0.000000  2.493871 0.246740 0.000000  2.537330 0.339072 0.000000  2.512875 0.316960 0.000000  2.563049 0.340714 0.000000  2.598145 0.308752 0.000000  2.576090 0.319784 0.000000  2.567562 0.275170 0.000000  2.598741 0.337508 0.000000  2.578117 0.296274 0.000000  2.646437 0.281708 0.000000  2.673360 0.367707 0.000000  2.609139 0.558151 0.000000  2.625976 0.322559 0.000000  2.646168 0.367701 0.000000  2.630015 0.454630 0.000000  2.710246 0.635506 0.000000  2.623118 0.293368 0.000000  2.647086 0.340203 0.000000  2.616595 0.654682 0.000000  2.675681 0.725704 0.000000  2.599895 0.283632 0.000000  2.658917 0.304598 0.000000  2.689597 0.653731 0.000000  2.625000 0.200000 0.000000  2.638633 0.306584 0.000000  2.693255 0.271028 0.000000  2.622339 0.262661 0.000000  2.671352 0.282970 0.000000  2.661123 0.238357 0.000000  2.703474 0.315827 0.000000  2.672601 0.259205 0.000000  2.682780 0.303929 0.000000  2.694666 0.233473 0.000000  2.678464 0.335381 0.000000  2.591000 0.251617 0.000000  2.646059 0.257417 0.000000  2.627891 0.231510 0.000000  2.154386 0.848109 0.000000  2.210421 0.924219 0.000000  2.353507 0.921473 0.000000  2.256816 0.899147 0.000000  2.343750 1.000000 0.000000  2.511559 0.867700 0.000000  2.366836 0.952326 0.000000  2.392417 0.361471 0.000000  2.356801 0.334774 0.000000  2.370844 0.353146 0.000000  2.345044 0.367432 0.000000  2.388644 0.324986 0.000000  2.328518 0.384426 0.000000  2.309633 0.368141 0.000000  2.250000 0.200000 0.000000  2.699639 0.398987 0.000000  2.687800 0.512134 0.000000  2.620600 0.743365 0.000000  2.661363 0.706532 0.000000  2.681514 0.680060 0.000000  2.722731 0.681687 0.000000  2.640883 0.784922 0.000000  2.644497 0.491425 0.000000  2.740126 0.644162 0.000000  2.738384 0.749414 0.000000  2.456494 0.814413 0.000000  2.403387 0.817144 0.000000  2.430628 0.829135 0.000000  2.387506 0.837948 0.000000  2.411694 0.846395 0.000000  2.366555 0.855551 0.000000  2.447437 0.866590 0.000000  2.418358 0.872826 0.000000  2.346289 0.850157 0.000000  2.358579 0.831517 0.000000  2.454467 0.840935 0.000000  2.479110 0.829480 0.000000  2.508107 0.824940 0.000000  2.478985 0.861444 0.000000  2.559295 0.842327 0.000000  2.536153 0.826415 0.000000  2.570033 0.795972 0.000000  2.534600 0.853458 0.000000  2.559080 0.817856 0.000000  2.602568 0.829710 0.000000  2.579152 0.829916 0.000000  2.590674 0.808624 0.000000  2.591225 0.871323 0.000000  2.598486 0.772715 0.000000  2.620098 0.805924 0.000000  2.514055 0.845979 0.000000  2.548326 0.901425 0.000000  2.604052 0.792730 0.000000  2.620065 0.777495 0.000000  2.667721 0.832269 0.000000  2.534698 0.879377 0.000000  2.563196 0.876998 0.000000  2.531250 1.000000 0.000000  2.513601 0.892417 0.000000  2.483569 0.891152 0.000000  2.634977 0.835243 0.000000  2.583701 0.906220 0.000000  2.458326 0.930790 0.000000  2.477637 0.915231 0.000000  2.484375 1.000000 0.000000  2.451703 0.902806 0.000000  2.439092 0.885932 0.000000  2.706935 0.366178 0.000000  2.691365 0.579218 0.000000  2.736563 0.699932 0.000000  2.637203 0.430643 0.000000  2.468491 0.323244 0.000000  2.497281 0.278465 0.000000  2.502041 0.333840 0.000000  2.670065 0.541529 0.000000  2.736400 0.781499 0.000000  2.814427 0.675274 0.000000  2.713073 0.659520 0.000000  2.662500 0.200000 0.000000  2.850000 0.200000 0.000000  2.660808 0.324995 0.000000  2.640058 0.517104 0.000000  2.554380 0.238613 0.000000  2.611093 0.244586 0.000000  2.587500 0.200000 0.000000  2.604914 0.219321 0.000000  2.578403 0.225708 0.000000  2.247619 0.952427 0.000000  2.325119 0.964929 0.000000  2.273438 1.000000 0.000000  2.261719 0.976853 0.000000  2.307954 0.342664 0.000000  2.411306 0.325522 0.000000  2.400512 0.302521 0.000000  2.369774 0.300650 0.000000  2.417295 0.284443 0.000000  2.387311 0.273437 0.000000  2.330276 0.305162 0.000000  2.333397 0.344794 0.000000  2.618324 0.721000 0.000000  2.642154 0.594977 0.000000  2.708418 0.800451 0.000000  2.672357 0.635110 0.000000  2.739487 0.666660 0.000000  2.738228 0.594810 0.000000  2.786942 0.678177 0.000000  2.799754 0.735313 0.000000  2.730989 0.619801 0.000000  2.710381 0.600287 0.000000  2.772266 0.618213 0.000000  2.751891 0.625855 0.000000  2.769882 0.642840 0.000000  2.810171 0.634312 0.000000  2.776706 0.720061 0.000000  2.803612 0.704443 0.000000  2.719470 0.572968 0.000000  2.798519 0.656225 0.000000  2.771505 0.752962 0.000000  2.865632 0.668809 0.000000  2.699553 0.549727 0.000000  2.767569 0.550635 0.000000  3.000000 0.800000 0.000000  2.688440 0.532568 0.000000  2.724343 0.521216 0.000000  2.746669 0.568585 0.000000  2.817436 0.721847 0.000000  2.830931 0.757907 0.000000  2.725727 0.547452 0.000000  2.747858 0.533131 0.000000  2.777950 0.583866 0.000000  2.825352 0.701078 0.000000  2.858211 0.725495 0.000000  2.757222 0.485488 0.000000  2.840941 0.679263 0.000000  2.798265 0.778288 0.000000  2.781574 0.515016 0.000000  2.745821 0.507989 0.000000  2.714780 0.481636 0.000000  2.831363 0.652813 0.000000  2.863142 0.697311 0.000000  2.853564 0.605996 0.000000  2.845194 0.708694 0.000000  3.000000 0.700000 0.000000  2.835861 0.626273 0.000000  2.887641 0.685092 0.000000  2.812663 0.597207 0.000000  2.867364 0.635910 0.000000  2.898020 0.723571 0.000000  2.904503 0.649369 0.000000  2.877624 0.714368 0.000000  2.878811 0.738937 0.000000  2.856029 0.751345 0.000000  2.915655 0.765305 0.000000  2.900952 0.746925 0.000000  2.855114 0.799118 0.000000  2.936414 0.716277 0.000000  2.880451 0.769069 0.000000  2.848834 0.775102 0.000000  2.824656 0.794253 0.000000  2.899867 0.702434 0.000000  2.917226 0.677216 0.000000  2.926966 0.741186 0.000000  2.886997 0.662947 0.000000  2.818586 0.774491 0.000000  2.804802 0.757001 0.000000  2.832591 0.842350 0.000000  2.938967 0.761526 0.000000  2.922024 0.699102 0.000000  2.956605 0.680052 0.000000  3.000000 0.750000 0.000000  2.925965 0.826147 0.000000  2.812500 1.000000 0.000000  2.933584 0.652912 0.000000  2.960350 0.771554 0.000000  2.800333 0.804665 0.000000  2.977741 0.813380 0.000000  2.896316 0.850212 0.000000  2.853043 0.828991 0.000000  2.893446 0.829163 0.000000  2.979912 0.787500 0.000000  2.958022 0.796479 0.000000  2.748471 0.816743 0.000000  2.925325 0.599589 0.000000  3.000000 0.650000 0.000000  2.955808 0.737879 0.000000  2.933428 0.801149 0.000000  3.000000 0.900000 0.000000  2.770451 0.793739 0.000000  2.921934 0.627415 0.000000  2.937316 0.673081 0.000000  2.953042 0.659741 0.000000  2.953038 0.628614 0.000000  3.000000 0.675000 0.000000  2.966133 0.709103 0.000000  2.875089 0.818470 0.000000  2.878626 0.865192 0.000000  2.893226 0.622517 0.000000  2.976198 0.640012 0.000000  2.975382 0.612441 0.000000  2.976962 0.666013 0.000000  2.981493 0.730854 0.000000  2.879478 0.793955 0.000000  2.904645 0.811111 0.000000  2.871371 0.887208 0.000000  3.000000 0.625000 0.000000  2.951231 0.602597 0.000000  3.000000 0.400000 0.000000  2.941922 0.569710 0.000000  3.000000 0.550000 0.000000  2.976565 0.754136 0.000000  3.000000 0.775000 0.000000  2.902999 0.786489 0.000000  2.926007 0.856495 0.000000  2.873308 0.842630 0.000000  2.831194 0.817878 0.000000  2.900958 0.873629 0.000000  2.848769 0.867556 0.000000  2.807090 0.831530 0.000000  2.825233 0.917448 0.000000  2.777651 0.824653 0.000000  2.844037 0.895821 0.000000  2.780180 0.880280 0.000000  2.895583 0.918809 0.000000  2.754144 0.853593 0.000000  2.786760 0.852110 0.000000  2.814939 0.876421 0.000000  2.852279 0.921977 0.000000  2.759479 0.833910 0.000000  2.734622 0.837737 0.000000  2.725238 0.816481 0.000000  2.716274 0.880271 0.000000  2.700764 0.839986 0.000000  2.731446 0.861592 0.000000  2.751480 0.882237 0.000000  2.809499 0.854241 0.000000  2.906250 1.000000 0.000000  2.880339 0.950896 0.000000  2.782383 0.922632 0.000000  2.892361 0.895899 0.000000  3.000000 0.850000 0.000000  2.873755 0.911143 0.000000  2.767426 0.904674 0.000000  2.831888 0.960733 0.000000  2.797678 0.904960 0.000000  2.755403 0.929896 0.000000  2.835695 0.937993 0.000000  2.858002 0.944496 0.000000  2.801709 0.943992 0.000000  2.859375 1.000000 0.000000  2.862160 0.972162 0.000000  2.817645 0.897547 0.000000  2.744188 0.904304 0.000000  2.805722 0.923853 0.000000  2.889732 0.977328 0.000000  2.906705 0.956411 0.000000  2.882812 1.000000 0.000000  2.934584 0.901643 0.000000  2.952594 0.822767 0.000000  3.000000 0.825000 0.000000  2.973694 0.840915 0.000000  2.923895 0.880285 0.000000  2.957218 0.871255 0.000000  2.467980 0.796830 0.000000  2.569892 0.766767 0.000000  2.561396 0.736981 0.000000  2.588947 0.746867 0.000000  2.536421 0.736091 0.000000  2.574287 0.719678 0.000000  2.492906 0.845516 0.000000  2.649320 0.811419 0.000000  2.614857 0.855413 0.000000  2.655139 0.875475 0.000000  2.638346 0.858723 0.000000  2.621979 0.891924 0.000000  2.427375 0.930325 0.000000  2.442352 0.963722 0.000000  2.390625 1.000000 0.000000  2.442656 0.943529 0.000000  2.464140 0.953950 0.000000  2.423894 0.953346 0.000000  2.414062 1.000000 0.000000  2.395170 0.963736 0.000000  2.463501 0.981702 0.000000  2.387323 0.942336 0.000000  2.422509 0.977417 0.000000  2.372437 0.979303 0.000000  2.493522 0.968510 0.000000  2.349417 0.970013 0.000000  2.342692 0.945969 0.000000  2.462584 0.883165 0.000000  2.481722 0.264091 0.000000  2.501542 0.299145 0.000000  2.532662 0.281953 0.000000  2.643750 0.214167 0.000000  2.681250 0.214174 0.000000  2.775000 0.200000 0.000000  2.569615 0.253774 0.000000  2.546970 0.262397 0.000000  2.519592 0.257379 0.000000  2.512500 0.200000 0.000000  2.516417 0.228643 0.000000  2.491394 0.220560 0.000000  2.531250 0.212026 0.000000  2.533380 0.241312 0.000000  2.475909 0.235232 0.000000  2.304868 0.957379 0.000000  2.307960 0.980019 0.000000  2.320312 1.000000 0.000000  2.271379 0.313105 0.000000  2.322182 0.325738 0.000000  2.285498 0.333043 0.000000  2.300304 0.305251 0.000000  2.257692 0.347133 0.000000  2.271918 0.257902 0.000000  2.213098 0.355180 0.000000  2.279433 0.285580 0.000000  2.236869 0.359324 0.000000  2.221572 0.376819 0.000000  2.230640 0.324805 0.000000  2.197305 0.373844 0.000000  2.174279 0.365180 0.000000  2.181561 0.320454 0.000000  2.171612 0.341790 0.000000  2.143852 0.321174 0.000000  2.195164 0.339784 0.000000  2.206572 0.317305 0.000000  2.188484 0.274541 0.000000  2.230828 0.281837 0.000000  2.191497 0.298474 0.000000  2.224141 0.303292 0.000000  2.162281 0.298502 0.000000  2.249578 0.299450 0.000000  2.254566 0.275352 0.000000  2.085370 0.251302 0.000000  2.249655 0.253117 0.000000  2.256249 0.226600 0.000000  2.287500 0.200000 0.000000  2.130346 0.291370 0.000000  2.315230 0.285047 0.000000  2.347183 0.276485 0.000000  2.325000 0.200000 0.000000  2.391876 0.236411 0.000000  2.622477 0.489488 0.000000  2.689544 0.353696 0.000000  2.712173 0.340524 0.000000  2.751604 0.312755 0.000000  2.727973 0.321079 0.000000  2.755032 0.362638 0.000000  2.722256 0.287978 0.000000  2.730484 0.357625 0.000000  2.747254 0.338113 0.000000  2.735877 0.393829 0.000000  2.794382 0.333145 0.000000  2.771686 0.343860 0.000000  2.796646 0.382772 0.000000  2.778679 0.366836 0.000000  2.802902 0.357621 0.000000  2.767867 0.397123 0.000000  2.842031 0.330281 0.000000  2.818611 0.338433 0.000000  2.844358 0.381286 0.000000  2.815870 0.292839 0.000000  2.820293 0.375300 0.000000  2.837864 0.356027 0.000000  2.823670 0.315249 0.000000  2.821715 0.420954 0.000000  2.885587 0.350542 0.000000  2.859498 0.290216 0.000000  2.814565 0.398328 0.000000  2.862849 0.363067 0.000000  2.790685 0.418316 0.000000  2.864441 0.339054 0.000000  2.896420 0.397112 0.000000  2.861042 0.314729 0.000000  2.870386 0.389209 0.000000  2.923487 0.301224 0.000000  2.886550 0.323564 0.000000  2.802257 0.466002 0.000000  2.749538 0.439739 0.000000  2.889141 0.374261 0.000000  2.926776 0.409042 0.000000  2.915288 0.378516 0.000000  2.869393 0.439312 0.000000  2.849653 0.410605 0.000000  2.880321 0.300971 0.000000  2.925000 0.200000 0.000000  2.804449 0.440223 0.000000  2.837094 0.452105 0.000000  2.776898 0.450863 0.000000  2.766295 0.421697 0.000000  2.742864 0.416737 0.000000  2.712364 0.438056 0.000000  3.000000 0.300000 0.000000  2.944628 0.351437 0.000000  2.876956 0.414401 0.000000  2.917335 0.440262 0.000000  2.893498 0.433026 0.000000  2.892589 0.478901 0.000000  2.886574 0.455835 0.000000  2.860248 0.475017 0.000000  2.841211 0.430700 0.000000  2.779531 0.475262 0.000000  2.800463 0.494116 0.000000  2.756384 0.462109 0.000000  2.730090 0.457923 0.000000  2.905463 0.359194 0.000000  2.828753 0.481808 0.000000  2.828068 0.538051 0.000000  2.736432 0.478817 0.000000  2.808069 0.519976 0.000000  2.835241 0.510013 0.000000  2.799015 0.550096 0.000000  2.881358 0.536748 0.000000  2.854529 0.529884 0.000000  2.862376 0.502971 0.000000  2.859069 0.568004 0.000000  2.846306 0.550194 0.000000  2.830899 0.574713 0.000000  2.848437 0.585858 0.000000  2.875275 0.589747 0.000000  2.833368 0.600416 0.000000  2.806398 0.573490 0.000000  2.874570 0.611435 0.000000  2.886828 0.564225 0.000000  3.000000 0.500000 0.000000  2.901920 0.586432 0.000000  2.691815 0.786677 0.000000  2.662928 0.608433 0.000000  2.756284 0.738687 0.000000  2.753310 0.766441 0.000000  2.760654 0.598648 0.000000  2.790303 0.603554 0.000000  2.852779 0.651637 0.000000  2.750253 0.796444 0.000000  2.777416 0.773517 0.000000  2.979003 0.689431 0.000000  2.914934 0.561356 0.000000  2.943237 0.517691 0.000000  2.935244 0.543515 0.000000  2.909049 0.534176 0.000000  2.974486 0.580091 0.000000  2.892740 0.508944 0.000000  2.968338 0.539610 0.000000  2.921373 0.493778 0.000000  2.688106 0.819586 0.000000  2.718750 1.000000 0.000000  2.704428 0.936981 0.000000  2.728916 0.926250 0.000000  2.765625 1.000000 0.000000  2.706220 0.907763 0.000000  2.723664 0.947570 0.000000  2.671875 1.000000 0.000000  2.724552 0.898883 0.000000  2.662886 0.919769 0.000000  2.685188 0.884487 0.000000  2.709139 0.972654 0.000000  2.686619 0.921225 0.000000  2.672639 0.954969 0.000000  2.695312 1.000000 0.000000  2.683594 0.977677 0.000000  2.655567 0.977201 0.000000  2.648438 1.000000 0.000000  2.637592 0.945728 0.000000  2.949337 0.847542 0.000000  2.600002 0.891475 0.000000  2.610425 0.919382 0.000000  2.636695 0.914275 0.000000  2.578125 1.000000 0.000000  2.653664 0.898558 0.000000  2.586326 0.934604 0.000000  2.610613 0.946367 0.000000  2.553209 0.934182 0.000000  2.624701 0.971334 0.000000  2.585295 0.967687 0.000000  2.601562 1.000000 0.000000  2.507812 1.000000 0.000000  2.519531 0.975695 0.000000  2.515864 0.938302 0.000000  2.552773 0.974645 0.000000  2.553111 0.293990 0.000000  2.175000 0.200000 0.000000  2.351191 0.313113 0.000000  2.252868 0.325426 0.000000  2.133699 0.340992 0.000000  2.121500 0.313341 0.000000  2.212500 0.200000 0.000000  2.367630 0.280011 0.000000  2.362516 0.248626 0.000000  2.286826 0.230866 0.000000  2.306250 0.215850 0.000000  2.335115 0.230981 0.000000  2.310944 0.241992 0.000000  2.331992 0.256161 0.000000  2.399806 0.256183 0.000000  2.413761 0.239109 0.000000  2.700729 0.291526 0.000000  2.716199 0.385454 0.000000  2.753161 0.382966 0.000000  2.856987 0.455158 0.000000  2.906516 0.416009 0.000000  2.947387 0.383861 0.000000  2.970690 0.438910 0.000000  2.783048 0.536158 0.000000  2.783524 0.563888 0.000000  3.000000 0.575000 0.000000  2.972004 0.510081 0.000000  2.950954 0.488684 0.000000  3.000000 0.525000 0.000000  2.931832 0.466079 0.000000  2.908983 0.461931 0.000000  2.942591 0.443059 0.000000  2.950948 0.418489 0.000000  3.000000 0.450000 0.000000  2.957276 0.463946 0.000000  3.000000 0.475000 0.000000  2.976935 0.413120 0.000000  2.979575 0.459842 0.000000  2.976672 0.485095 0.000000  3.000000 0.350000 0.000000  3.000000 0.425000 0.000000  2.975954 0.384561 0.000000  3.000000 0.375000 0.000000  2.979642 0.558600 0.000000  2.921269 0.515825 0.000000  2.805765 0.972254 0.000000  2.770664 0.962869 0.000000  2.789062 1.000000 0.000000  2.773060 0.941741 0.000000  2.742188 1.000000 0.000000  2.676663 0.858308 0.000000  2.657416 0.850363 0.000000  2.699656 0.863541 0.000000  2.694458 0.956445 0.000000  2.657810 0.940126 0.000000  2.564394 0.915772 0.000000  2.569560 0.950639 0.000000  2.604172 0.978435 0.000000  2.488605 0.941507 0.000000  2.526329 0.914788 0.000000  2.502011 0.918051 0.000000  2.571250 0.981522 0.000000  2.554688 1.000000 0.000000  2.535523 0.955250 0.000000  2.737500 0.200000 0.000000  2.131757 0.263765 0.000000  2.228627 0.240987 0.000000  2.108356 0.235629 0.000000  2.362500 0.200000 0.000000  2.933414 0.368721 0.000000  2.785214 0.978783 0.000000  2.747500 0.953041 0.000000  2.761031 0.980469 0.000000  2.723045 0.253343 0.000000  2.718750 0.220150 0.000000  2.752406 0.232669 0.000000  1.981295 0.254361 0.000000  1.944413 0.247558 0.000000  2.009487 0.240307 0.000000  2.055937 0.232196 0.000000  2.081310 0.273693 0.000000  2.058747 0.264933 0.000000  2.062500 0.200000 0.000000  2.082865 0.222937 0.000000  2.369621 0.224311 0.000000  2.343750 0.211020 0.000000  2.713052 0.270442 0.000000  2.702625 0.252878 0.000000  2.733472 0.270907 0.000000  2.744428 0.252525 0.000000  2.745058 0.290739 0.000000  2.783617 0.256740 0.000000  2.755294 0.271458 0.000000  2.774445 0.293983 0.000000  2.775242 0.318233 0.000000  2.795490 0.305430 0.000000  2.732281 0.235273 0.000000  2.756250 0.211180 0.000000  2.777876 0.226137 0.000000  2.812500 0.200000 0.000000  2.812157 0.235547 0.000000  2.160014 0.269715 0.000000  2.137500 0.200000 0.000000  2.178535 0.246843 0.000000  2.148963 0.252121 0.000000  2.129478 0.241861 0.000000  2.151160 0.224317 0.000000  2.124672 0.219241 0.000000  2.204654 0.253097 0.000000  2.197591 0.224925 0.000000  2.224054 0.261718 0.000000  2.209733 0.277739 0.000000  2.174384 0.223991 0.000000  2.219302 0.220990 0.000000  2.014271 0.261324 0.000000  2.027848 0.278286 0.000000  2.032414 0.234548 0.000000  2.043750 0.212945 0.000000  2.798640 0.217641 0.000000  2.831250 0.217956 0.000000  2.856588 0.225647 0.000000  2.838525 0.245010 0.000000  2.861527 0.261761 0.000000  2.816824 0.264011 0.000000  2.839760 0.274509 0.000000  1.985401 0.227295 0.000000  1.965229 0.238079 0.000000  1.946091 0.223648 0.000000  1.912500 0.200000 0.000000  1.923924 0.234106 0.000000  1.895800 0.224560 0.000000  1.968750 0.212286 0.000000  2.006250 0.215170 0.000000  1.887674 0.244004 0.000000  1.874737 0.227177 0.000000  2.879342 0.277331 0.000000  2.897627 0.238430 0.000000  2.901979 0.288234 0.000000  2.900039 0.263312 0.000000  2.942941 0.246596 0.000000  2.925324 0.273880 0.000000  2.919133 0.248904 0.000000  2.917977 0.223961 0.000000  2.887500 0.200000 0.000000  2.962500 0.200000 0.000000  2.961574 0.290050 0.000000  2.943750 0.218506 0.000000  2.940475 0.288632 0.000000  2.945941 0.267862 0.000000  2.949097 0.318021 0.000000  3.000000 0.250000 0.000000  2.971162 0.253459 0.000000  2.976060 0.313281 0.000000  2.969886 0.226235 0.000000  3.000000 0.275000 0.000000  3.000000 0.325000 0.000000  2.874116 0.241645 0.000000  2.977735 0.274733 0.000000  0.403603 0.130502 0.000000  0.423957 0.144421 0.000000  0.339415 0.269860 0.000000  0.283603 0.269081 0.000000  0.164558 0.348454 0.000000  0.137722 0.224252 0.000000  0.117469 0.416716 0.000000  0.022020 0.515625 0.000000  0.042411 0.521958 0.000000  0.025833 0.539342 0.000000  0.875760 0.239845 0.000000  0.662506 0.555615 0.000000  0.671089 0.537047 0.000000  0.683217 0.559541 0.000000  0.658490 0.578690 0.000000  0.633609 0.579832 0.000000  0.607112 0.574474 0.000000  0.644525 0.542719 0.000000  0.273321 0.776112 0.000000  0.122263 0.833414 0.000000  0.409373 0.964759 0.000000  0.425374 0.949311 0.000000  0.608612 0.847437 0.000000  0.470200 0.658434 0.000000  0.653999 0.904506 0.000000  0.672703 0.888739 0.000000  0.812991 0.891186 0.000000  1.067233 0.639129 0.000000  1.132075 0.367092 0.000000  1.092246 0.298646 0.000000  1.424144 0.601755 0.000000  1.492591 0.611612 0.000000  1.387500 0.200000 0.000000  1.369437 0.259076 0.000000  1.354233 0.245341 0.000000  1.339236 0.223873 0.000000  1.365626 0.221409 0.000000  1.389377 0.223797 0.000000  1.550433 0.464490 0.000000  1.298611 0.225358 0.000000  1.318751 0.219907 0.000000  1.481165 0.926709 0.000000  1.277447 0.976814 0.000000  1.289062 1.000000 0.000000  1.299732 0.980152 0.000000  1.382812 1.000000 0.000000  1.743537 0.606346 0.000000  1.776079 0.394133 0.000000  1.799601 0.386001 0.000000  1.623172 0.302787 0.000000  2.141302 0.577300 0.000000  2.355257 0.688629 0.000000  2.275118 0.376809 0.000000  2.602257 0.450371 0.000000  2.437500 0.200000 0.000000  2.546086 0.786068 0.000000  2.525267 0.778666 0.000000  2.709242 0.503920 0.000000  2.728475 0.497475 0.000000  2.836796 0.735157 0.000000  2.835938 1.000000 0.000000  2.825335 0.981251 0.000000  2.953125 1.000000 0.000000  2.924142 0.930807 0.000000  3.000000 0.950000 0.000000  2.944078 0.963123 0.000000  2.945945 0.922163 0.000000  2.963101 0.899260 0.000000  2.926891 0.951419 0.000000  2.922385 0.976505 0.000000  2.981930 0.880685 0.000000  2.929688 1.000000 0.000000  3.000000 0.925000 0.000000  2.981384 0.907934 0.000000  2.972242 0.937500 0.000000  2.974887 0.968697 0.000000  2.951450 0.942936 0.000000  3.000000 0.975000 0.000000  2.957024 0.979495 0.000000  2.976562 1.000000 0.000000  2.532424 0.304914 0.000000  2.696184 0.421719 0.000000  2.718917 0.413546 0.000000  2.696606 0.460786 0.000000  2.920440 0.332064 0.000000  2.906676 0.315134 0.000000  2.101983 0.297206 0.000000  2.297593 0.265062 0.000000  2.972464 0.356487 0.000000  2.965837 0.334183 0.000000  2.734725 0.975375 0.000000  1.949304 0.269056 0.000000  1.926762 0.264173 0.000000  1.912699 0.279213 0.000000  2.794766 0.279236 0.000000  3.000000 0.225000 0.000000  0.427609 0.978128 0.000000  0.398438 1.000000 0.000000  0.386719 0.977046 0.000000  0.387195 0.950897 0.000000  0.397359 0.932540 0.000000  1.413582 0.221469 0.000000  2.418750 0.215378 0.000000  2.456250 0.213204 0.000000  
CELLS 8021 32084
3 18 27 32
3 15 17 13
3 32 27 33
3 35 44 32
3 525 383 504
3 96 42 41
3 16 15 11
3 172 507 161
3 10 35 37
3 9 20 21
3 9 12 20
3 14 12 1
3 9 21 87
3 1 11 14
3 13 20 15
3 20 14 15
3 8 16 11
3 14 11 15
3 17 16 23
3 15 16 17
3 23 16 8
3 17 18 44
3 27 25 28
3 18 25 27
3 57 89 19
3 13 17 19
3 20 13 21
3 12 14 20
3 19 89 13
3 89 87 21
3 25 23 8
3 57 72 89
3 17 23 18
3 8 24 25
3 23 25 18
3 27 28 26
3 26 28 31
3 37 39 10
3 28 25 24
3 27 26 33
3 2 31 30
3 28 30 31
3 34 71 33
3 35 29 70
3 31 55 26
3 28 24 30
3 2 46 31
3 29 35 32
3 44 10 19
3 34 33 26
3 32 33 29
3 31 46 55
3 60 63 84
3 70 37 35
3 44 35 10
3 56 70 71
3 96 97 105
3 40 37 36
3 40 39 37
3 38 40 42
3 7 22 86
3 73 39 38
3 72 88 86
3 36 67 42
3 39 40 38
3 70 56 36
3 34 26 58
3 36 42 40
3 42 96 95
3 176 179 66
3 88 91 7
3 17 44 19
3 18 32 44
3 541 172 161
3 533 530 46
3 1804 4071 1803
3 55 46 69
3 602 538 47
3 596 599 747
3 432 430 79
3 61 69 54
3 773 774 509
3 172 75 507
3 551 76 550
3 61 48 69
3 547 76 549
3 442 136 587
3 539 546 727
3 56 67 36
3 774 78 509
3 418 75 172
3 60 65 56
3 59 60 34
3 2 531 46
3 55 48 58
3 58 59 34
3 65 67 56
3 91 101 74
3 72 57 39
3 55 58 26
3 59 58 48
3 62 61 54
3 34 60 56
3 61 59 48
3 63 59 61
3 50 524 454
3 61 62 63
3 75 62 54
3 176 138 94
3 68 63 62
3 60 59 63
3 65 66 64
3 4040 4041 142
3 66 65 60
3 65 64 67
3 84 68 138
3 176 66 138
3 4041 67 64
3 42 67 41
3 75 54 507
3 104 107 111
3 55 69 48
3 78 542 443
3 37 70 36
3 71 70 29
3 33 71 29
3 34 56 71
3 86 22 87
3 73 72 39
3 38 95 90
3 38 90 73
3 10 39 57
3 110 119 116
3 423 427 521
3 448 449 501
3 2032 2035 2036
3 507 54 530
3 558 776 518
3 92 514 124
3 152 443 602
3 49 537 81
3 51 434 83
3 495 133 503
3 440 593 80
3 441 443 152
3 569 570 551
3 725 527 595
3 536 494 523
3 152 546 441
3 126 202 177
3 104 111 112
3 60 84 66
3 63 68 84
3 92 68 62
3 188 168 174
3 22 9 87
3 72 73 88
3 21 13 89
3 72 86 87
3 73 90 99
3 7 86 88
3 19 10 57
3 72 87 89
3 1167 821 4059
3 88 101 91
3 99 88 73
3 124 202 126
3 191 131 127
3 514 92 62
3 115 175 196
3 423 208 497
3 42 95 38
3 43 90 95
3 96 41 4040
3 43 95 96
3 103 107 104
3 103 105 107
3 98 102 103
3 116 119 98
3 99 90 100
3 88 99 101
3 102 100 90
3 98 119 102
3 99 100 101
3 74 101 100
3 90 43 102
3 103 102 43
3 105 43 96
3 103 43 105
3 111 107 113
3 100 119 74
3 105 97 108
3 108 107 105
3 197 68 92
3 141 108 97
3 107 106 113
3 104 112 98
3 108 141 140
3 107 108 106
3 222 212 194
3 134 184 177
3 103 104 98
3 141 135 140
3 113 106 144
3 122 6 112
3 113 144 148
3 140 144 106
3 6 110 116
3 181 177 184
3 120 123 169
3 98 112 116
3 214 194 213
3 113 148 111
3 120 149 151
3 148 149 120
3 6 116 112
3 206 129 184
3 74 119 110
3 169 112 111
3 119 100 102
3 123 121 122
3 121 6 122
3 122 169 123
3 120 151 153
3 121 123 156
3 374 380 382
3 297 292 331
3 180 212 222
3 616 618 626
3 228 180 222
3 128 346 347
3 52 546 524
3 181 126 177
3 686 528 435
3 129 181 184
3 147 205 85
3 240 125 178
3 454 524 485
3 125 173 200
3 467 83 434
3 183 199 127
3 199 130 132
3 181 197 126
3 126 197 92
3 193 162 134
3 193 134 187
3 444 586 202
3 174 127 199
3 126 92 124
3 209 423 482
3 435 528 79
3 546 485 524
3 511 441 484
3 84 138 66
3 197 138 68
3 418 124 514
3 141 142 201
3 108 140 106
3 196 175 139
3 141 97 142
3 141 201 135
3 4040 142 97
3 142 4041 179
3 154 206 204
3 149 218 151
3 177 202 198
3 140 135 320
3 196 246 115
3 200 132 125
3 130 85 205
3 123 120 153
3 178 242 241
3 220 221 216
3 144 252 148
3 111 148 120
3 94 138 197
3 319 320 115
3 321 140 320
3 156 153 164
3 449 458 502
3 151 150 153
3 173 125 185
3 118 199 132
3 164 150 165
3 150 164 153
3 139 175 201
3 151 143 150
3 155 167 168
3 117 156 164
3 121 156 117
3 123 153 156
3 206 158 129
3 127 131 212
3 75 418 514
3 219 224 221
3 206 162 204
3 218 143 151
3 181 129 94
3 160 247 187
3 193 204 162
3 188 199 118
3 154 158 206
3 519 540 483
3 741 208 506
3 127 174 191
3 166 117 164
3 168 182 155
3 166 167 155
3 164 165 167
3 167 166 164
3 167 165 168
3 85 183 180
3 191 174 168
3 112 169 122
3 120 169 111
3 318 251 171
3 201 175 135
3 444 83 467
3 200 173 189
3 468 541 51
3 727 47 734
3 198 134 177
3 346 348 240
3 191 168 165
3 180 183 127
3 211 207 249
3 213 212 131
3 199 188 174
3 179 176 139
3 125 132 178
3 94 192 176
3 94 197 181
3 139 176 192
3 142 179 139
3 66 179 64
3 348 125 240
3 78 441 511
3 189 118 200
3 191 145 131
3 132 200 118
3 188 182 168
3 130 178 132
3 134 198 133
3 231 205 147
3 118 190 188
3 182 188 114
3 158 246 196
3 114 188 190
3 196 192 158
3 129 192 94
3 130 199 183
3 191 165 145
3 118 189 190
3 130 183 85
3 145 165 143
3 204 193 247
3 147 85 230
3 124 444 202
3 388 398 386
3 206 184 162
3 83 444 418
3 423 497 427
3 134 133 187
3 220 222 194
3 130 205 242
3 129 158 192
3 241 240 178
3 175 115 320
3 506 160 137
3 139 192 196
3 150 143 165
3 430 432 410
3 517 788 431
3 217 214 170
3 139 201 142
3 162 184 134
3 145 143 213
3 204 207 285
3 213 143 170
3 160 210 249
3 459 437 460
3 503 133 163
3 163 198 202
3 246 158 154
3 204 247 207
3 777 518 776
3 194 214 220
3 539 485 546
3 262 268 239
3 210 209 211
3 238 239 324
3 147 230 330
3 127 212 180
3 213 131 145
3 214 213 170
3 212 213 194
3 218 215 217
3 246 154 316
3 251 252 144
3 220 214 221
3 217 219 214
3 226 216 221
3 218 217 170
3 219 217 215
3 218 170 143
3 218 149 252
3 251 318 250
3 225 318 253
3 221 214 219
3 220 216 222
3 219 225 224
3 224 226 221
3 216 233 232
3 180 228 230
3 236 258 260
3 233 226 235
3 219 215 250
3 224 223 226
3 318 319 253
3 223 224 225
3 235 238 234
3 228 229 227
3 222 216 232
3 241 245 346
3 228 222 232
3 230 228 227
3 288 232 233
3 288 289 229
3 229 289 290
3 180 230 85
3 231 147 330
3 330 230 227
3 233 216 226
3 228 232 229
3 254 238 226
3 237 288 235
3 286 276 278
3 229 232 288
3 254 226 223
3 235 234 237
3 316 259 317
3 258 236 255
3 269 324 268
3 306 242 307
3 226 238 235
3 239 238 236
3 263 260 257
3 260 262 239
3 241 306 300
3 346 240 241
3 347 349 128
3 130 242 178
3 205 231 307
3 292 297 308
3 312 345 243
3 300 245 241
3 345 300 243
3 347 346 245
3 204 4042 154
3 256 225 253
3 187 247 193
3 249 247 160
3 282 211 281
3 255 236 254
3 249 207 247
3 210 211 249
3 250 215 251
3 225 219 250
3 252 251 215
3 321 251 144
3 218 252 215
3 148 252 149
3 322 253 319
3 284 4043 248
3 255 254 223
3 238 254 236
3 256 255 223
3 4043 258 259
3 225 256 223
3 253 322 317
3 282 284 285
3 262 260 263
3 255 323 258
3 260 258 257
3 255 256 323
3 316 317 246
3 278 263 264
3 236 260 239
3 267 275 265
3 324 269 332
3 270 275 276
3 268 267 271
3 264 263 257
3 261 262 263
3 284 248 285
3 278 276 261
3 325 269 266
3 262 261 267
3 266 271 273
3 333 334 302
3 276 275 267
3 271 267 265
3 267 268 262
3 268 266 269
3 325 266 326
3 269 301 332
3 286 421 276
3 4044 280 287
3 265 4044 273
3 268 271 266
3 265 275 280
3 356 393 378
3 265 273 271
3 272 327 326
3 242 205 307
3 289 237 4045
3 276 267 261
3 414 277 416
3 261 263 278
3 281 283 286
3 420 414 416
3 287 394 4044
3 264 281 278
3 279 286 283
3 400 426 590
3 413 415 419
3 416 275 270
3 277 412 280
3 282 281 264
3 281 211 283
3 282 264 284
3 207 211 282
3 211 209 283
3 209 279 283
3 264 257 284
3 4043 284 257
3 285 248 4042
3 282 285 207
3 286 278 281
3 286 279 421
3 396 374 384
3 352 355 304
3 235 288 233
3 289 288 237
3 324 332 234
3 227 229 290
3 289 291 293
3 227 290 292
3 298 296 303
3 331 295 297
3 289 293 290
3 293 291 295
3 298 294 295
3 290 293 331
3 303 294 298
3 312 308 311
3 299 298 295
3 295 294 297
3 299 296 298
3 302 296 299
3 310 311 342
3 308 307 231
3 299 295 291
3 335 339 303
3 291 4045 333
3 299 333 302
3 311 308 297
3 296 335 303
3 301 333 4045
3 301 269 325
3 274 326 327
3 351 274 304
3 365 339 335
3 306 241 242
3 327 328 353
3 355 329 351
3 243 308 312
3 341 303 339
3 231 292 308
3 243 300 306
3 243 306 307
3 311 294 342
3 243 307 308
3 309 244 338
3 338 245 300
3 314 313 186
3 310 314 312
3 294 311 297
3 311 310 312
3 313 314 344
3 314 345 312
3 314 310 344
3 345 314 186
3 4042 316 154
3 186 309 345
3 338 350 245
3 259 316 248
3 323 317 259
3 253 317 256
3 318 225 250
3 319 318 171
3 320 319 171
3 322 319 115
3 320 171 321
3 320 135 175
3 251 321 171
3 144 140 321
3 115 246 322
3 317 322 246
3 317 323 256
3 258 323 259
3 238 324 234
3 268 324 239
3 326 266 273
3 325 274 334
3 272 326 273
3 274 325 326
3 302 351 329
3 272 4044 394
3 302 329 296
3 361 355 359
3 274 351 302
3 345 338 300
3 227 292 330
3 231 330 292
3 290 331 292
3 295 331 293
3 4045 332 301
3 237 234 332
3 291 333 299
3 334 333 301
3 325 334 301
3 302 334 274
3 296 329 335
3 328 327 272
3 304 274 327
3 304 355 351
3 352 304 353
3 335 363 365
3 356 352 328
3 329 355 363
3 343 340 305
3 303 341 294
3 340 341 339
3 339 159 340
3 344 342 343
3 294 341 342
3 343 342 341
3 340 343 341
3 344 343 305
3 313 344 305
3 342 344 310
3 309 338 345
3 350 347 245
3 348 185 125
3 349 315 0
3 346 128 348
3 128 185 348
3 244 315 350
3 315 349 347
3 347 350 315
3 357 359 360
3 338 244 350
3 327 353 304
3 359 355 352
3 328 352 353
3 328 393 356
3 373 376 370
3 394 358 393
3 363 335 329
3 362 337 395
3 360 352 356
3 367 362 357
3 412 392 399
3 372 380 374
3 360 359 352
3 361 359 357
3 354 368 356
3 357 360 367
3 395 361 357
3 365 159 339
3 336 362 367
3 376 371 370
3 355 361 363
3 337 364 366
3 366 363 361
3 365 363 366
3 159 365 364
3 337 366 361
3 364 365 366
3 368 367 360
3 356 368 360
3 368 354 371
3 371 372 370
3 372 374 396
3 368 371 376
3 372 371 354
3 396 373 370
3 377 378 375
3 389 385 386
3 373 336 376
3 367 368 376
3 372 354 377
3 402 374 382
3 379 398 380
3 377 379 372
3 378 377 354
3 367 376 336
3 379 377 375
3 356 378 354
3 378 358 4046
3 4046 389 375
3 277 414 413
3 372 379 380
3 382 380 398
3 375 386 379
3 375 378 4046
3 448 462 50
3 402 382 403
3 398 388 381
3 402 109 384
3 396 384 369
3 381 405 403
3 385 389 391
3 408 428 410
3 386 385 388
3 387 399 392
3 419 391 392
3 410 401 408
3 481 408 411
3 375 389 386
3 391 389 387
3 424 79 430
3 406 405 381
3 392 391 387
3 391 390 429
3 4046 399 387
3 392 277 413
3 394 393 328
3 378 393 358
3 272 394 328
3 394 287 399
3 361 395 337
3 357 362 395
3 373 396 369
3 372 396 370
3 382 398 381
3 403 4047 402
3 386 398 379
3 394 399 358
3 412 399 287
3 414 420 422
3 498 491 482
3 415 424 390
3 422 426 400
3 374 402 384
3 403 382 381
3 404 481 411
3 4048 405 486
3 4047 409 109
3 406 381 388
3 457 461 404
3 408 406 388
3 405 406 481
3 428 388 385
3 477 461 475
3 408 401 411
3 486 405 404
3 109 402 4047
3 429 410 428
3 425 424 415
3 424 425 435
3 451 457 411
3 280 412 287
3 392 412 277
3 280 416 277
3 415 413 400
3 421 417 420
3 413 414 422
3 415 400 425
3 419 415 390
3 275 416 280
3 420 416 270
3 482 490 209
3 490 491 417
3 442 467 434
3 524 446 52
3 391 419 390
3 413 419 392
3 421 420 270
3 422 420 417
3 421 270 276
3 421 279 490
3 491 522 417
3 413 422 400
3 421 490 417
3 434 195 452
3 435 425 496
3 390 430 429
3 467 585 586
3 482 521 498
3 417 426 422
3 124 418 444
3 198 163 133
3 592 773 509
3 388 428 408
3 429 428 385
3 391 429 385
3 430 390 424
3 498 466 522
3 410 429 430
3 466 496 590
3 529 136 452
3 50 512 449
3 401 410 432
3 517 431 483
3 498 499 466
3 46 530 69
3 49 531 2
3 53 437 451
3 45 82 161
3 62 75 514
3 401 432 447
3 531 519 533
3 460 437 484
3 454 436 512
3 458 449 512
3 541 492 51
3 492 541 82
3 503 450 800
3 528 700 775
3 501 470 448
3 435 496 686
3 81 536 523
3 404 411 457
3 1346 1345 563
3 672 807 800
3 50 462 446
3 427 497 673
3 604 750 597
3 458 512 436
3 187 137 160
3 45 431 82
3 462 433 446
3 401 447 451
3 710 707 597
3 471 460 433
3 790 529 452
3 210 506 208
3 593 595 80
3 855 529 453
3 459 457 451
3 451 411 401
3 442 452 136
3 517 778 777
3 489 504 469
3 471 465 474
3 83 418 468
3 82 203 492
3 440 525 505
3 437 464 484
3 437 459 451
3 487 472 476
3 451 447 53
3 461 457 456
3 50 454 512
3 717 485 712
3 495 187 133
3 456 457 459
3 209 208 423
3 459 460 471
3 471 474 456
3 486 461 477
3 462 465 433
3 593 716 725
3 427 673 675
3 465 471 433
3 432 592 447
3 682 496 687
3 462 448 473
3 462 473 465
3 522 466 426
3 452 442 434
3 441 52 484
3 446 433 52
3 453 669 855
3 501 489 470
3 479 473 480
3 469 488 489
3 470 488 480
3 459 471 456
3 424 435 79
3 477 487 407
3 474 475 456
3 488 478 480
3 473 479 474
3 473 474 465
3 475 474 472
3 479 476 472
3 456 475 461
3 475 472 487
3 409 4049 407
3 470 480 473
3 4048 403 405
3 479 480 397
3 476 479 397
3 479 472 474
3 405 481 404
3 397 480 478
3 408 481 406
3 209 210 208
3 79 592 432
3 552 607 558
3 725 716 816
3 440 80 525
3 93 605 606
3 484 464 511
3 772 766 1138
3 4047 4049 409
3 404 461 486
3 407 487 476
3 475 487 477
3 489 488 470
3 469 478 488
3 502 489 501
3 505 489 502
3 209 490 279
3 491 490 482
3 498 521 499
3 460 52 433
3 746 53 447
3 506 210 160
3 589 588 673
3 530 54 69
3 136 799 671
3 544 81 523
3 539 726 712
3 743 589 742
3 146 604 597
3 521 482 423
3 505 502 440
3 208 741 497
3 494 526 523
3 161 507 45
3 524 50 446
3 549 554 555
3 594 845 846
3 746 464 53
3 470 473 448
3 448 50 449
3 137 495 742
3 504 489 505
3 726 729 712
3 460 484 52
3 502 501 449
3 172 468 418
3 504 505 525
3 53 464 437
3 78 464 509
3 49 519 531
3 539 727 726
3 717 712 594
3 555 494 543
3 602 542 538
3 431 203 82
3 78 511 464
3 605 93 383
3 441 78 443
3 458 440 502
3 425 590 496
3 743 503 516
3 670 585 442
3 585 467 442
3 533 46 531
3 82 541 161
3 712 729 845
3 678 499 676
3 450 503 163
3 81 544 540
3 468 51 83
3 552 544 526
3 606 605 80
3 540 49 81
3 1101 1276 1096
3 596 595 527
3 434 51 195
3 499 521 427
3 498 522 491
3 544 552 518
3 493 841 840
3 539 712 485
3 778 544 518
3 540 544 778
3 76 547 550
3 543 494 545
3 542 455 538
3 536 81 537
3 417 522 426
3 736 749 527
3 441 546 52
3 790 452 195
3 555 547 549
3 717 436 454
3 507 530 45
3 789 669 453
3 566 562 534
3 483 431 519
3 639 647 648
3 533 45 530
3 468 172 541
3 431 45 533
3 431 533 519
3 2 537 49
3 605 525 80
3 187 495 137
3 685 690 693
3 551 550 548
3 540 519 49
3 492 648 51
3 554 556 607
3 587 450 670
3 152 727 546
3 523 526 544
3 535 548 550
3 543 545 535
3 557 569 551
3 536 545 494
3 535 547 543
3 597 728 710
3 818 748 747
3 535 550 547
3 518 552 558
3 551 548 445
3 557 561 553
3 551 445 557
3 526 554 552
3 570 560 573
3 561 562 4050
3 575 576 556
3 555 554 526
3 556 554 549
3 494 555 526
3 547 555 543
3 76 570 572
3 556 579 558
3 562 561 559
3 1062 569 553
3 574 578 571
3 610 558 577
3 1044 1055 1040
3 445 559 561
3 575 549 572
3 445 561 557
3 562 559 534
3 635 632 633
3 781 578 779
3 568 1064 4050
3 1178 1090 1177
3 1347 1345 565
3 4050 566 568
3 779 782 609
3 1064 1062 553
3 566 563 568
3 534 567 1346
3 574 571 573
3 553 569 557
3 570 569 560
3 572 570 573
3 551 570 76
3 1051 1043 1054
3 579 556 576
3 575 572 571
3 549 76 572
3 573 560 1059
3 571 572 573
3 1068 1061 1066
3 610 615 776
3 576 575 571
3 549 575 556
3 785 576 578
3 611 610 577
3 576 571 578
3 577 580 582
3 581 850 849
3 579 580 577
3 580 579 576
3 558 579 577
3 574 779 578
3 613 627 612
3 785 781 583
3 639 492 638
3 580 785 850
3 581 612 611
3 574 1059 1050
3 640 641 1172
3 584 611 612
3 618 622 626
3 450 163 585
3 586 585 163
3 202 586 163
3 467 586 444
3 136 671 587
3 450 587 672
3 624 645 663
3 699 601 695
3 741 742 589
3 589 743 744
3 400 590 425
3 466 590 426
3 427 675 676
3 644 657 659
3 775 79 528
3 509 746 592
3 440 458 716
3 500 815 717
3 729 844 843
3 597 750 728
3 736 718 751
3 593 725 595
3 599 818 747
3 606 510 93
3 716 815 816
3 527 599 596
3 734 739 603
3 510 747 598
3 47 600 734
3 748 598 747
3 528 686 685
3 749 818 599
3 542 774 455
3 152 602 47
3 542 602 443
3 945 709 714
3 708 455 699
3 538 710 732
3 752 756 731
3 525 605 383
3 606 80 595
3 595 596 606
3 510 606 596
3 554 607 552
3 556 558 607
3 616 615 584
3 608 626 630
3 1020 1023 787
3 651 1030 1192
3 611 577 582
3 615 610 584
3 581 611 582
3 584 610 611
3 612 581 1110
3 614 584 612
3 582 850 581
3 621 629 617
3 617 618 621
3 615 616 608
3 616 584 614
3 615 608 776
3 618 616 614
3 203 638 492
3 621 623 619
3 617 637 789
3 623 621 618
3 622 618 617
3 631 619 623
3 632 635 649
3 617 625 622
3 788 203 431
3 623 618 614
3 636 629 621
3 629 637 617
3 622 620 626
3 614 627 623
3 627 628 631
3 633 619 631
3 663 645 661
3 647 790 648
3 622 625 646
3 630 626 620
3 608 616 626
3 612 627 614
3 628 627 613
3 851 1110 849
3 636 624 629
3 636 621 619
3 637 629 624
3 638 630 620
3 777 630 517
3 627 631 623
3 633 631 628
3 640 633 628
3 643 645 636
3 633 640 635
3 633 632 643
3 851 1024 613
3 583 786 787
3 1030 1172 1029
3 650 649 635
3 619 643 636
3 656 643 632
3 624 663 666
3 789 453 647
3 638 620 639
3 788 638 203
3 620 646 639
3 646 647 639
3 640 628 1024
3 634 635 640
3 786 583 781
3 642 650 652
3 642 654 4053
3 635 634 650
3 633 643 619
3 656 645 643
3 657 649 4057
3 797 798 854
3 661 645 644
3 624 636 645
3 622 646 620
3 647 646 625
3 789 647 625
3 453 529 790
3 51 648 195
3 492 639 648
3 654 1357 4053
3 632 657 656
3 1171 652 650
3 650 642 4052
3 783 609 782
3 642 652 654
3 1171 650 634
3 651 1195 654
3 1020 1027 1029
3 4057 659 657
3 651 654 652
3 653 1356 1357
3 907 931 905
3 593 440 716
3 657 632 649
3 644 645 656
3 4052 4051 4057
3 644 656 657
3 867 869 826
3 676 499 427
3 661 662 660
3 661 644 662
3 658 4056 667
3 791 669 666
3 662 644 659
3 661 660 663
3 667 662 659
3 667 668 662
3 665 663 660
3 666 637 624
3 1127 1130 1126
3 677 688 691
3 662 668 797
3 665 794 792
3 663 665 666
3 791 666 665
3 658 667 659
3 668 667 664
3 684 701 703
3 701 684 688
3 438 799 855
3 637 666 669
3 585 670 450
3 442 587 670
3 792 438 791
3 683 680 674
3 671 852 853
3 745 744 807
3 673 497 741
3 588 801 675
3 744 745 806
3 681 591 678
3 588 675 673
3 675 674 676
3 679 676 674
3 681 676 679
3 680 677 679
3 680 688 677
3 682 678 591
3 499 678 687
3 680 679 674
3 681 679 677
3 683 674 801
3 693 695 685
3 591 681 677
3 676 681 678
3 682 591 689
3 687 496 466
3 683 806 745
3 792 852 671
3 802 680 683
3 810 813 803
3 689 690 685
3 685 695 700
3 496 682 686
3 686 682 689
3 499 687 466
3 678 682 687
3 680 802 701
3 690 591 691
3 690 689 591
3 686 689 685
3 591 677 691
3 720 693 694
3 684 698 688
3 698 697 691
3 693 690 697
3 538 455 708
3 697 690 691
3 695 693 692
3 684 703 705
3 599 527 749
3 699 695 692
3 695 601 700
3 683 803 804
3 1285 1117 1121
3 691 688 698
3 693 697 694
3 684 705 706
3 694 697 698
3 692 720 722
3 601 699 455
3 700 601 775
3 685 700 528
3 680 701 688
3 1283 703 701
3 709 711 714
3 698 684 706
3 1283 701 696
3 702 1137 705
3 146 709 724
3 711 706 704
3 702 705 703
3 705 704 706
3 694 706 713
3 694 698 706
3 720 692 693
3 706 711 713
3 722 699 692
3 721 146 707
3 945 943 724
3 717 594 500
3 538 708 710
3 707 710 708
3 1121 1292 1137
3 711 709 713
3 47 727 152
3 725 718 527
3 146 597 707
3 722 720 721
3 704 714 711
3 738 737 728
3 858 772 439
3 841 933 513
3 841 493 730
3 604 724 719
3 146 721 709
3 815 458 436
3 493 715 719
3 719 750 604
3 738 750 735
3 843 760 729
3 694 713 720
3 721 720 713
3 721 713 709
3 721 707 722
3 707 708 722
3 699 722 708
3 750 715 735
3 47 732 600
3 485 717 454
3 724 943 493
3 146 724 604
3 857 714 704
3 825 828 823
3 737 723 740
3 603 726 727
3 737 600 728
3 913 872 890
3 753 752 723
3 728 732 710
3 724 493 719
3 736 527 718
3 1147 945 714
3 600 737 739
3 723 735 733
3 821 822 834
3 733 715 840
3 750 738 728
3 740 731 844
3 735 715 733
3 718 816 751
3 723 738 735
3 760 843 756
3 734 600 739
3 732 728 600
3 739 737 740
3 738 723 737
3 733 753 723
3 861 819 859
3 538 732 47
3 752 740 723
3 758 733 1141
3 820 515 838
3 742 741 506
3 673 741 589
3 137 742 506
3 742 495 743
3 503 743 495
3 744 743 516
3 516 800 807
3 588 589 744
3 671 853 587
3 671 438 792
3 746 509 464
3 447 592 746
3 596 747 510
3 458 815 716
3 731 843 844
3 508 598 748
3 731 740 752
3 748 820 508
3 998 824 839
3 750 719 715
3 603 727 734
3 729 726 603
3 758 753 733
3 594 712 845
3 753 758 759
3 753 759 4058
3 757 764 771
3 769 762 764
3 754 756 761
3 752 4058 761
3 756 754 760
3 764 757 759
3 761 765 754
3 1141 733 513
3 759 758 755
3 769 764 759
3 761 4058 757
3 754 765 819
3 729 760 845
3 752 761 756
3 771 772 757
3 882 868 1143
3 754 847 760
3 771 764 763
3 996 1297 914
3 769 759 755
3 766 995 770
3 772 761 757
3 822 749 834
3 766 763 995
3 867 762 769
3 766 772 771
3 515 749 822
3 768 847 819
3 500 846 1017
3 867 870 869
3 823 828 830
3 862 863 860
3 515 822 817
3 763 764 762
3 825 763 762
3 772 765 761
3 858 819 765
3 775 592 79
3 774 601 455
3 774 542 78
3 601 774 773
3 601 773 775
3 592 775 773
3 776 558 610
3 777 776 608
3 630 777 608
3 517 483 778
3 540 778 483
3 518 777 778
3 574 1050 782
3 781 779 609
3 1042 1044 1040
3 1038 1042 1034
3 609 1031 786
3 785 583 850
3 574 782 779
3 783 782 780
3 1035 1038 1034
3 1028 848 1033
3 1025 784 1031
3 1019 1021 1025
3 576 785 580
3 578 781 785
3 609 786 781
3 787 786 784
3 1018 787 784
3 851 613 1110
3 517 630 788
3 638 788 630
3 617 789 625
3 669 789 637
3 648 790 195
3 453 790 647
3 792 791 665
3 669 791 438
3 794 665 795
3 796 852 794
3 795 854 793
3 696 802 804
3 795 665 660
3 793 811 794
3 797 795 660
3 793 794 795
3 811 793 812
3 808 745 807
3 662 797 660
3 797 668 798
3 1113 1115 1123
3 1284 804 805
3 529 799 136
3 438 671 799
3 503 800 516
3 450 672 800
3 675 801 674
3 806 801 588
3 683 745 809
3 701 802 696
3 803 683 809
3 803 809 810
3 683 804 802
3 805 804 803
3 812 1112 805
3 1119 1284 1118
3 801 806 683
3 744 806 588
3 516 807 744
3 808 807 672
3 1111 672 587
3 810 809 808
3 745 808 809
3 810 808 796
3 811 796 794
3 810 796 811
3 793 854 812
3 813 811 812
3 1113 1112 812
3 813 812 805
3 803 813 805
3 810 811 813
3 1118 1112 1116
3 884 829 876
3 717 815 436
3 816 815 500
3 751 816 500
3 725 816 718
3 763 766 771
3 834 749 736
3 766 770 1138
3 820 818 515
3 995 825 827
3 865 859 862
3 748 818 820
3 818 749 515
3 824 998 1000
3 837 999 1001
3 859 866 861
3 838 817 837
3 821 817 822
3 1003 1005 1007
3 762 867 828
3 1007 817 821
3 823 996 825
3 870 871 868
3 829 884 887
3 823 830 832
3 770 1139 863
3 762 828 825
3 826 876 830
3 870 867 769
3 895 872 913
3 826 830 828
3 1144 832 830
3 1295 1293 1525
3 832 831 1297
3 1144 830 829
3 888 1145 831
3 4060 4140 4061
3 1525 863 1139
3 751 4059 736
3 1167 4059 835
3 1014 1015 846
3 859 819 858
3 1335 1006 1334
3 1002 824 1000
3 817 838 515
3 839 997 998
3 837 997 838
3 820 997 508
3 997 820 838
3 493 840 715
3 513 733 840
3 730 924 933
3 513 840 841
3 944 924 942
3 874 880 872
3 729 603 844
3 756 843 731
3 603 739 844
3 844 739 740
3 1014 760 847
3 594 846 500
3 845 1014 846
3 768 861 1015
3 819 847 754
3 1014 847 768
3 1018 1021 848
3 1028 1022 1027
3 583 787 849
3 849 787 851
3 850 582 580
3 583 849 850
3 1020 787 1018
3 851 1023 1024
3 794 852 792
3 853 852 796
3 796 808 853
3 808 672 1111
3 797 854 795
3 812 854 798
3 438 855 669
3 529 855 799
3 856 1112 1113
3 921 931 950
3 1137 857 704
3 946 814 948
3 772 858 765
3 859 858 439
3 862 439 863
3 819 861 768
3 1006 1011 1012
3 859 439 862
3 859 865 866
3 751 1017 1016
3 863 439 1138
3 1340 865 860
3 827 1139 770
3 914 1294 996
3 1007 1341 1166
3 864 1009 1167
3 860 865 862
3 865 864 866
3 1167 866 864
3 1016 866 835
3 871 870 1140
3 828 867 826
3 882 889 877
3 875 826 869
3 869 868 874
3 875 874 878
3 1140 769 755
3 868 869 870
3 1141 871 1140
3 871 1141 1142
3 882 877 880
3 897 886 895
3 878 872 892
3 875 876 826
3 882 880 874
3 878 874 872
3 874 875 869
3 876 875 873
3 895 886 891
3 876 829 830
3 952 959 960
3 912 966 911
3 885 873 892
3 875 878 873
3 880 890 872
3 887 888 1144
3 882 874 868
3 923 932 877
3 885 892 891
3 896 891 886
3 1143 868 871
3 1143 889 882
3 922 912 911
3 951 957 955
3 885 876 873
3 1302 833 1296
3 876 885 884
3 892 873 878
3 895 891 892
3 918 881 920
3 884 885 915
3 891 896 885
3 915 887 884
3 831 832 1144
3 842 924 912
3 889 842 912
3 932 880 877
3 883 894 913
3 886 897 902
3 920 915 918
3 881 4061 920
3 915 920 887
3 1137 1285 1121
3 877 889 922
3 897 894 899
3 872 895 892
3 902 900 928
3 895 894 897
3 918 916 881
3 901 899 894
3 897 903 902
3 925 901 883
3 909 900 906
3 901 894 883
3 903 899 898
3 900 903 906
3 886 919 896
3 925 883 926
3 899 901 1146
3 903 897 899
3 928 900 910
3 907 906 903
3 902 903 900
3 900 909 910
3 940 4136 4061
3 905 906 907
3 908 1150 978
3 907 903 898
3 1150 909 906
3 927 1146 925
3 936 898 1146
3 931 965 905
3 939 983 981
3 1150 906 905
3 909 908 910
3 981 977 980
3 896 916 918
3 971 973 1149
3 877 922 923
3 842 933 924
3 912 893 966
3 883 913 890
3 895 913 894
3 1537 1632 1338
3 831 1298 1297
3 896 915 885
3 915 896 918
3 938 881 916
3 4060 4137 4138
3 1489 1492 1291
3 899 1146 898
3 919 928 916
3 962 963 940
3 902 919 886
3 916 896 919
3 955 958 4062
3 887 920 4140
3 1150 965 978
3 912 922 889
3 923 922 911
3 935 926 923
3 890 932 883
3 924 730 942
3 893 912 924
3 883 932 926
3 925 917 927
3 935 923 911
3 917 925 926
3 985 986 917
3 950 936 937
3 928 919 902
3 962 964 904
3 938 916 939
3 929 938 939
3 936 907 898
3 940 881 938
3 4062 965 931
3 932 890 880
3 926 932 923
3 933 842 1142
3 730 933 841
3 942 730 943
3 946 1147 814
3 893 944 948
3 967 949 970
3 936 927 937
3 907 936 950
3 959 952 954
3 921 950 951
3 939 916 928
3 940 938 929
3 910 983 928
3 984 1151 990
3 962 940 929
3 4136 4060 4061
3 955 921 951
3 879 982 989
3 730 493 943
3 944 942 934
3 724 709 945
3 934 942 943
3 946 944 934
3 924 944 893
3 1147 714 857
3 943 945 1147
3 946 934 1147
3 1289 948 814
3 969 975 976
3 893 948 949
3 946 948 944
3 949 948 947
3 985 979 956
3 967 911 966
3 950 931 907
3 951 950 937
3 937 986 959
3 941 965 4062
3 957 952 1495
3 951 937 954
3 957 1527 955
3 1192 1193 651
3 917 986 927
3 954 952 957
3 957 951 954
3 955 953 958
3 935 1149 926
3 967 935 911
3 1492 960 1524
3 1199 1198 1196
3 1309 1314 1307
3 994 1155 1157
3 937 959 954
3 959 956 987
3 968 972 970
3 4054 4055 4051
3 983 977 981
3 980 961 964
3 964 962 929
3 963 930 4136
3 961 904 964
3 962 904 963
3 4062 931 921
3 941 1626 965
3 893 949 966
3 966 949 967
3 4063 970 949
3 971 935 967
3 1124 1122 1120
3 1127 1129 1136
3 972 975 969
3 985 973 979
3 4063 949 947
3 972 971 967
3 972 967 970
3 973 971 969
3 1487 975 972
3 969 971 972
3 973 969 979
3 1149 917 926
3 1286 4063 1124
3 1135 1134 1129
3 1487 972 968
3 976 975 974
3 1133 1488 1490
3 987 979 976
3 984 910 908
3 961 980 982
3 989 990 993
3 1152 1151 978
3 969 976 979
3 976 1524 987
3 981 964 929
3 982 980 977
3 964 981 980
3 929 939 981
3 977 983 984
3 879 961 982
3 928 983 939
3 984 983 910
3 1157 1161 994
3 990 989 982
3 985 956 986
3 973 985 917
3 959 986 956
3 937 927 986
3 959 987 960
3 956 979 987
3 994 1153 1155
3 879 989 992
3 982 977 990
3 991 992 1165
3 977 984 990
3 993 1165 989
3 989 1165 992
3 991 879 992
3 908 1151 984
3 1152 1531 1155
3 1152 993 1151
3 4062 1528 941
3 825 995 763
3 827 770 995
3 825 996 827
3 832 996 823
3 508 997 839
3 997 837 998
3 1000 998 1001
3 1001 998 837
3 5 1169 1013
3 1000 1008 1169
3 837 1005 999
3 1336 1333 1337
3 817 1007 1005
3 1008 1000 1001
3 1339 1009 864
3 1006 999 1003
3 1005 837 817
3 1008 1010 1012
3 1003 999 1005
3 999 1006 1010
3 821 1009 1007
3 1336 1335 1334
3 1010 1008 1001
3 5 1002 1169
3 1167 1009 821
3 1538 1340 860
3 999 1010 1001
3 1006 836 1011
3 1006 1012 1010
3 1008 1012 1004
3 1011 1004 1012
3 760 1014 845
3 1008 1004 1013
3 1015 1014 768
3 1016 1015 861
3 1017 1015 1016
3 866 1016 861
3 1016 835 4059
3 500 1017 751
3 846 1015 1017
3 1025 1021 1018
3 1020 1018 848
3 1019 1025 1032
3 1090 1026 1177
3 1027 1020 848
3 1023 1020 641
3 1025 1018 784
3 1177 1033 1021
3 1021 1033 848
3 1030 1029 1022
3 1024 1023 641
3 787 1023 851
3 640 1024 641
3 613 1024 628
3 784 786 1031
3 1025 1031 1032
3 1035 1058 1032
3 1052 1082 1084
3 1028 1027 848
3 1029 1027 1022
3 1180 1085 1182
3 1189 1190 1028
3 1192 1022 1190
3 1020 1029 641
3 1171 651 652
3 1030 1171 1172
3 609 783 1031
3 1032 1031 783
3 1035 1039 1038
3 783 1035 1032
3 1177 1021 1019
3 1033 1026 1188
3 1048 1052 1174
3 1032 1058 1019
3 1038 1039 1036
3 1058 1035 1174
3 1041 1036 1039
3 1049 1044 1036
3 1034 1042 1048
3 1086 1174 1052
3 1039 1035 783
3 1044 1042 1038
3 783 780 1039
3 1041 1039 780
3 1063 1040 1055
3 1061 1071 1073
3 1047 1041 780
3 1173 1047 1051
3 1044 1038 1036
3 1040 1075 1048
3 1047 780 1050
3 1062 1064 1065
3 1173 1051 1046
3 1055 1049 1056
3 1055 1053 1066
3 1081 1279 1082
3 1054 568 1060
3 1076 1053 1343
3 780 782 1050
3 1051 1047 1043
3 1040 1048 1042
3 1048 1045 1052
3 1173 1036 1041
3 1049 1046 1056
3 574 573 1059
3 1043 1047 1050
3 1043 1064 1054
3 1046 1049 1173
3 1080 1081 1045
3 1045 1082 1052
3 1175 1054 1060
3 1353 1067 1540
3 1060 568 563
3 1046 1051 1054
3 1049 1055 1044
3 1066 1063 1055
3 1046 1175 1343
3 1055 1056 1053
3 1077 1057 1176
3 1351 1347 1349
3 1174 1035 1034
3 1058 1037 1178
3 1062 1059 560
3 1050 1059 1065
3 1344 563 1176
3 1060 1344 1175
3 1069 1067 1068
3 1068 1071 1061
3 569 1062 560
3 4050 1064 553
3 1073 1074 1078
3 1040 1063 1075
3 1054 1064 568
3 1065 1064 1043
3 1050 1065 1043
3 1059 1062 1065
3 1069 1068 1066
3 1061 1063 1066
3 1069 1077 1540
3 1636 1751 1070
3 1069 1066 1053
3 1636 1071 1068
3 1053 1076 1069
3 1069 1076 1077
3 1089 1091 1094
3 1063 1061 1078
3 1636 1068 1067
3 1070 1758 1073
3 1104 1100 1103
3 1075 1080 1045
3 1070 1073 1071
3 1073 1072 1074
3 1095 1098 1105
3 1075 1045 1048
3 1078 1075 1063
3 1097 1080 1075
3 1343 1053 1056
3 1077 1076 1057
3 1057 1344 1176
3 565 1349 1347
3 1073 1078 1061
3 1075 1078 1074
3 1752 1104 1758
3 1527 1304 1627
3 1097 1075 1074
3 1081 1080 1079
3 1083 1279 1093
3 1086 1037 1174
3 1045 1081 1082
3 1084 1082 1279
3 1081 1079 1091
3 1189 1170 1190
3 1084 1083 1087
3 1052 1084 1086
3 1088 1183 1087
3 1090 1180 1026
3 1087 1086 1084
3 1180 1090 1179
3 1088 1087 1083
3 1087 1085 1179
3 1093 1279 1091
3 1278 1093 1089
3 1095 1092 1094
3 1099 1107 1089
3 1037 1086 1090
3 1179 1090 1086
3 1095 1094 1091
3 1091 1089 1093
3 1396 1269 1232
3 1089 1094 1099
3 1107 1108 1278
3 1083 1093 1240
3 1095 1091 1079
3 1101 1099 1094
3 1079 1097 1095
3 1097 1074 1098
3 1103 1105 1098
3 1224 1210 1213
3 1080 1097 1079
3 1098 1074 1072
3 1098 1072 1103
3 1095 1097 1098
3 1101 1094 1092
3 1366 1107 1099
3 1276 1109 1096
3 1099 1101 1096
3 1280 1105 1106
3 1276 1101 1280
3 1226 1230 1235
3 1273 1282 1229
3 1103 1072 1758
3 1105 1103 1100
3 1070 1071 1636
3 1249 1367 1258
3 1105 1100 1106
3 1105 1092 1095
3 1552 1640 1639
3 1373 1371 1367
3 1366 1099 1096
3 1107 1102 1108
3 1213 1210 1212
3 1238 1240 1244
3 1367 1249 1267
3 1215 1227 1222
3 612 1110 613
3 849 1110 581
3 587 853 1111
3 808 1111 853
3 1113 812 798
3 1116 1112 856
3 668 1115 798
3 1113 798 1115
3 1116 1117 1114
3 1119 1118 1114
3 664 1125 668
3 1134 1120 1122
3 1117 1116 856
3 1118 1116 1114
3 1117 856 1122
3 1121 1290 1289
3 1285 1119 1114
3 1112 1118 805
3 1283 702 703
3 1119 1283 1284
3 856 1123 1122
3 1120 1287 1286
3 1121 1117 1290
3 1292 857 1137
3 856 1113 1123
3 1120 1286 1124
3 1125 1115 668
3 1122 1123 1134
3 1124 947 1289
3 1122 1124 1290
3 1125 664 1127
3 1127 1136 1125
3 4056 658 4055
3 1132 1133 1126
3 664 4056 1130
3 1129 1127 1126
3 1358 1356 1198
3 1126 1130 1132
3 1135 1126 1133
3 1129 1123 1136
3 664 1130 1127
3 1744 1132 1130
3 655 1356 1359
3 1490 976 974
3 1744 1130 1128
3 1133 1132 1131
3 1133 1131 1488
3 1135 1287 1134
3 1123 1129 1134
3 1129 1126 1135
3 974 1288 1133
3 1487 974 975
3 1123 1115 1136
3 1125 1136 1115
3 705 1137 704
3 1137 702 1285
3 1138 439 772
3 770 863 1138
3 1139 827 1294
3 860 863 1525
3 769 1140 870
3 1141 1140 755
3 758 1141 755
3 1142 1141 513
3 933 1142 513
3 842 889 1143
3 871 1142 1143
3 1143 1142 842
3 887 1144 829
3 831 1144 888
3 925 1146 901
3 1300 1302 1298
3 936 1146 927
3 1147 857 814
3 943 1147 934
3 1195 1193 1196
3 1158 1159 1156
3 971 1149 935
3 917 1149 973
3 909 1150 908
3 965 1150 905
3 978 1151 908
3 990 1151 993
3 1626 1530 1531
3 1165 1153 994
3 993 1152 1153
3 1152 1626 1531
3 1618 1619 1532
3 1155 1154 1158
3 1152 1155 1153
3 1158 1157 1155
3 1528 1530 941
3 1161 1160 988
3 1160 1157 1156
3 994 1161 991
3 1158 1154 4064
3 1156 1157 1158
3 1247 1260 1865
3 1160 1163 988
3 1156 1159 1306
3 1164 1160 1156
3 1160 1161 1157
3 988 991 1161
3 1164 1162 1163
3 1306 1164 1156
3 1327 1310 1308
3 1164 1163 1160
3 1153 1165 993
3 991 1165 994
3 1166 1334 1003
3 836 1006 1335
3 4059 821 834
3 1167 835 866
3 1538 1342 1340
3 1338 1333 1336
3 1000 1169 1002
3 1008 1013 1169
3 1186 1026 1180
3 1180 1182 1184
3 1172 1171 634
3 651 1171 1030
3 640 1172 634
3 1029 1172 641
3 1036 1173 1049
3 1047 1173 1041
3 1058 1174 1037
3 1048 1174 1034
3 1057 1076 1343
3 1054 1175 1046
3 1345 1176 563
3 1347 1176 1345
3 1033 1177 1026
3 1178 1177 1019
3 1058 1178 1019
3 1090 1178 1037
3 1087 1179 1086
3 1180 1179 1085
3 1183 1181 1182
3 1180 1184 1186
3 1209 1239 1203
3 1362 1187 1208
3 1183 1182 1085
3 1184 1182 1181
3 1087 1183 1085
3 1088 1239 1183
3 1181 1191 1184
3 1188 1028 1033
3 1205 1209 1203
3 1185 1191 1205
3 1184 1206 1186
3 1026 1186 1188
3 1206 1191 1204
3 1187 1206 1204
3 1186 1187 1188
3 1189 1187 1170
3 1028 1188 1189
3 1187 1189 1188
3 1193 1192 1190
3 1028 1190 1022
3 1209 1205 1191
3 1191 1185 1204
3 1022 1192 1030
3 1193 1190 1170
3 1193 1170 1362
3 654 1195 653
3 1198 1543 1358
3 653 1195 1196
3 651 1193 1195
3 1196 1193 1194
3 1199 1196 1194
3 1198 653 1196
3 1362 1208 1194
3 1197 1199 1201
3 1404 1401 1548
3 1357 1356 655
3 1550 1201 1199
3 1198 1199 1197
3 1400 1402 1404
3 1201 1200 1547
3 1550 1199 1194
3 1200 1365 1547
3 1216 1207 1185
3 1205 1212 1185
3 1218 1220 1224
3 1216 1364 1207
3 1185 1207 1204
3 1200 1363 1207
3 1209 1191 1181
3 1213 1212 1205
3 1186 1206 1187
3 1191 1206 1184
3 1212 1216 1185
3 1550 1208 1363
3 1187 1204 1208
3 1363 1204 1207
3 1183 1209 1181
3 1088 1238 1239
3 1203 1219 1218
3 1271 1282 1225
3 1234 1244 1108
3 1221 1219 1211
3 1213 1205 1203
3 1216 1212 1248
3 1233 1102 1230
3 1203 1218 1213
3 1263 1273 1224
3 1207 1364 1200
3 1366 1102 1107
3 1306 1159 1309
3 1248 1212 1210
3 1216 1214 1364
3 1217 1220 1222
3 1263 1398 1225
3 1219 1203 1211
3 1220 1218 1215
3 1234 1233 1221
3 1215 1218 1219
3 1222 1220 1215
3 1220 1217 1224
3 1228 1223 1221
3 1219 1221 1223
3 1215 1219 1223
3 1269 1222 1232
3 1230 1226 1228
3 1215 1223 1227
3 1224 1213 1218
3 1224 1217 1263
3 1250 1408 1269
3 1263 1252 1268
3 1396 1237 1281
3 1222 1227 1232
3 1231 1223 1228
3 1223 1231 1227
3 1230 1228 1221
3 1228 1226 1231
3 1235 1245 1226
3 1409 1408 1250
3 1233 1230 1221
3 1230 1102 1235
3 1236 1231 1226
3 1236 1394 1231
3 1231 1232 1227
3 1264 1272 1251
3 1234 1221 1211
3 1102 1233 1108
3 1238 1234 1211
3 1108 1233 1234
3 1109 1267 1256
3 1241 1235 1102
3 1393 1226 1245
3 1231 1394 1232
3 1269 1251 1250
3 1270 1266 1568
3 1239 1238 1211
3 1240 1238 1088
3 1203 1239 1211
3 1239 1209 1183
3 1083 1240 1088
3 1093 1278 1244
3 1245 1246 1242
3 1245 1235 1246
3 1255 1257 1246
3 1224 1273 1210
3 1400 1274 1259
3 1273 1248 1210
3 1238 1244 1234
3 1093 1244 1240
3 1246 1235 1241
3 1245 1242 1393
3 1109 1256 1096
3 1246 1241 1255
3 1319 1318 1316
3 1272 1261 1486
3 1237 1703 1264
3 1229 1248 1273
3 1276 1551 1109
3 1398 1570 1271
3 1242 1246 1265
3 1400 1243 1274
3 1216 1248 1214
3 1365 1200 1364
3 1251 1269 1281
3 1222 1252 1217
3 1688 1282 1271
3 1268 1252 1409
3 1254 1257 1258
3 1432 1444 1455
3 1256 1241 1096
3 1257 1255 1249
3 1249 1255 1256
3 1256 1255 1241
3 1258 1257 1249
3 1257 1254 1265
3 1267 1249 1256
3 1371 1258 1367
3 1254 1384 1860
3 1237 1264 1281
3 1266 1270 1242
3 1242 1265 1266
3 1084 1279 1083
3 1409 1410 1268
3 1237 4067 1704
3 1431 1435 1429
3 1263 1225 1273
3 1252 1263 1217
3 1465 1466 1262
3 1410 1409 1250
3 1257 1265 1246
3 1266 1265 1254
3 1386 1258 1381
3 1371 1381 1258
3 1640 1377 1379
3 1375 1376 1370
3 1251 1281 1264
3 1259 1274 1247
3 1415 1417 1419
3 1243 1229 1274
3 1393 1270 1236
3 1394 1396 1232
3 1273 1225 1282
3 1247 1282 1688
3 1466 1264 1262
3 1272 1275 1261
3 1312 1322 1629
3 1604 1602 1603
3 1247 1274 1282
3 1214 1229 1243
3 1545 1544 1405
3 1563 1559 1561
3 1280 1101 1092
3 1105 1280 1092
3 1091 1279 1081
3 1107 1278 1089
3 1244 1278 1108
3 1314 1316 1307
3 1106 1276 1280
3 1368 1554 1373
3 1284 1283 696
3 1551 1276 1106
3 1250 1251 1486
3 1248 1229 1214
3 1570 1398 1268
3 1229 1282 1274
3 804 1284 696
3 702 1283 1119
3 1118 1284 805
3 1119 1285 702
3 1117 1285 1114
3 1120 1134 1287
3 968 970 4063
3 1288 1287 1135
3 968 1286 1287
3 1133 1288 1135
3 1487 1288 974
3 948 1289 947
3 1289 814 1292
3 1122 1290 1117
3 1289 1290 1124
3 1489 1291 1488
3 1524 960 987
3 1289 1292 1121
3 857 1292 814
3 1139 1294 1295
3 1295 1526 1293
3 996 1294 827
3 1295 1294 914
3 1296 1621 914
3 1295 1621 1526
3 1297 1298 1303
3 1633 1539 1746
3 832 1297 996
3 1298 831 1145
3 1298 1145 1300
3 1298 1302 1303
3 1301 1145 157
3 1301 1299 1300
3 1302 1300 1299
3 833 1302 1299
3 1145 1301 1300
3 1302 1296 1303
3 1296 914 1303
3 1297 1303 914
3 1493 952 960
3 1628 1514 1616
3 1620 1532 1619
3 1305 4065 4064
3 1314 1159 4065
3 1164 1306 1310
3 1416 1415 1426
3 1306 1312 1310
3 1315 1319 1316
3 1630 1629 1534
3 1314 4065 1311
3 1312 1309 1307
3 1312 1306 1309
3 463 1313 1327
3 1529 1305 1528
3 1527 1627 953
3 1318 1307 1316
3 1310 1312 1308
3 1164 1329 1162
3 1310 1327 1329
3 1159 1314 1309
3 1316 1311 1315
3 1521 1317 1522
3 1507 1518 1519
3 1311 1316 1314
3 1514 1615 1616
3 1533 4066 1326
3 1312 1307 1322
3 1318 1317 1323
3 1307 1318 1322
3 1617 1522 1319
3 1317 1318 1319
3 1407 1401 1406
3 1697 1435 1699
3 1521 1320 1519
3 1630 1327 1308
3 1323 1322 1318
3 1322 1323 1533
3 1523 1325 1323
3 1533 1325 4066
3 1413 1430 1412
3 1435 1399 1429
3 1523 1323 1317
3 4066 1324 1328
3 1688 1570 1569
3 1322 1533 1534
3 1327 1313 1329
3 1162 1329 1313
3 1693 1470 1595
3 1310 1329 1164
3 1334 1006 1003
3 1606 1597 1604
3 1331 463 1327
3 1535 463 1331
3 1602 1330 1603
3 1536 1333 1338
3 1166 1003 1007
3 1341 1007 1009
3 1166 1631 1334
3 1337 836 1335
3 1166 1341 1537
3 1336 1537 1338
3 1336 1337 1335
3 1168 1340 1342
3 864 865 1340
3 1168 1537 1341
3 1168 1339 1340
3 864 1340 1339
3 1009 1339 1341
3 1168 1341 1339
3 1293 1526 1623
3 1632 1537 1168
3 1046 1343 1056
3 1057 1343 1175
3 1175 1344 1057
3 563 1344 1060
3 1346 563 566
3 565 1345 567
3 534 1346 566
3 567 1345 1346
3 1352 1349 1348
3 1176 1347 1354
3 564 2151 1352
3 565 1348 1349
3 1352 1351 1349
3 2150 1635 1747
3 1353 1540 1351
3 1350 1747 1351
3 1077 1354 1351
3 564 1352 1348
3 1351 1352 1350
3 1750 1747 1635
3 1067 1353 1542
3 1176 1354 1077
3 1347 1351 1354
3 1495 1497 957
3 1492 1489 1494
3 653 1198 1356
3 1197 1543 1198
3 4054 4053 655
3 653 1357 654
3 1359 1358 1549
3 1356 1358 1359
3 1358 1355 1549
3 4055 658 4051
3 1614 1493 1496
3 1613 1491 1612
3 655 1359 1361
3 1513 1359 1360
3 1193 1362 1194
3 1187 1362 1170
3 1200 1201 1550
3 1204 1363 1208
3 1214 1243 1364
3 1365 1364 1243
3 1400 1365 1243
3 1202 1547 1365
3 1096 1241 1366
3 1102 1366 1241
3 1375 1370 1267
3 1367 1267 1370
3 1376 1378 1368
3 1254 1258 1386
3 1645 1554 1378
3 1391 1383 1387
3 1375 1267 1551
3 1373 1370 1368
3 1373 1367 1370
3 1383 1381 1371
3 1372 1379 1377
3 1376 1368 1370
3 1368 1378 1554
3 1371 1373 1369
3 1369 1388 1387
3 1468 1418 1463
3 1551 1267 1109
3 1375 1372 1376
3 1372 1377 1376
3 1376 1377 1378
3 1372 1551 1379
3 1277 1644 1377
3 1644 1645 1378
3 1378 1377 1644
3 1100 1639 1106
3 1104 1552 1639
3 1388 1392 1385
3 1369 1373 1382
3 1383 1371 1369
3 1374 1384 1386
3 1390 1392 1388
3 1383 1374 1381
3 1387 1383 1369
3 1383 1391 1374
3 1720 1722 1716
3 1704 1707 1703
3 1385 1387 1388
3 1766 1668 1667
3 1374 1386 1381
3 1254 1386 1384
3 1388 1369 1382
3 1765 1391 1385
3 1555 1382 1554
3 1382 1555 1388
3 1650 1652 1392
3 1437 1445 1433
3 1645 1557 1380
3 1646 1390 1686
3 1385 1391 1387
3 1391 1389 1729
3 1556 1686 1390
3 1567 1766 1652
3 1393 1236 1226
3 1242 1270 1393
3 1395 1394 1236
3 1395 1237 1396
3 1270 4067 1236
3 1704 4067 1397
3 1396 1281 1269
3 1394 1395 1396
3 1860 1687 1859
3 1436 1444 1432
3 1225 1398 1271
3 1263 1268 1398
3 1261 1414 1413
3 1569 1696 1260
3 1402 1400 1259
3 1365 1400 1202
3 1401 1402 1406
3 1500 1503 1505
3 1259 1866 1406
3 1404 1402 1401
3 1696 1698 1260
3 1515 1514 1502
3 1548 1401 1405
3 1400 1404 1202
3 1508 1509 1407
3 1543 1544 1545
3 1259 1406 1402
3 1406 1403 1516
3 1514 1148 1502
3 1499 1500 1148
3 1252 1222 1408
3 1269 1408 1222
3 1408 1409 1252
3 1250 1486 1410
3 1413 1410 1261
3 1410 1413 1412
3 1411 1414 1416
3 1416 1424 1411
3 1412 1399 1569
3 1268 1410 1412
3 1414 1261 1275
3 1413 1411 1430
3 1414 1417 1416
3 1411 1413 1414
3 1419 1275 1466
3 1441 1438 1452
3 1417 1414 1275
3 1424 1416 1426
3 1272 1466 1275
3 1415 1416 1417
3 1462 1464 1449
3 1419 1421 1415
3 1275 1419 1417
3 1419 1418 1421
3 1420 1415 1421
3 1420 1437 1427
3 1463 1465 1454
3 1468 1425 1421
3 1426 1415 1427
3 1422 1426 1427
3 1674 1684 1685
3 1421 1425 1420
3 1422 1434 1431
3 1430 1399 1412
3 1436 1425 1423
3 1446 1425 1436
3 1427 1415 1420
3 1422 1424 1426
3 1425 1446 1572
3 1441 1422 1571
3 1431 1434 1428
3 1428 1448 1460
3 1411 1424 1429
3 1431 1429 1424
3 1411 1429 1430
3 1399 1430 1429
3 1422 1431 1424
3 1431 1428 1435
3 1444 1449 1439
3 1432 1455 1457
3 1476 1477 1474
3 1448 1428 1434
3 1571 1437 1442
3 1434 1422 1441
3 1461 1574 1460
3 1435 1697 1399
3 1449 1444 1436
3 1446 1436 1573
3 1446 1445 1572
3 1437 1433 1442
3 1447 1438 1442
3 1452 1470 1443
3 1667 1674 1850
3 1668 1567 1669
3 1457 1458 1573
3 1447 1475 1469
3 1571 1422 1427
3 1452 1448 1434
3 1447 1442 1433
3 1571 1438 1441
3 1467 1452 1438
3 1448 1692 1460
3 1449 1436 1423
3 1439 2072 1455
3 1572 1437 1420
3 1451 1445 1440
3 1573 1436 1432
3 1445 1446 1440
3 1445 1451 1433
3 1452 1467 1470
3 1452 1434 1441
3 1692 1693 1691
3 1463 1454 1462
3 1449 1423 1462
3 1682 1856 2052
3 1590 1589 1477
3 1440 1573 1458
3 1475 1447 1473
3 1469 1467 1438
3 1443 1448 1452
3 1575 1690 1324
3 1574 1435 1428
3 1707 1577 1701
3 1449 1464 1439
3 1439 1455 1444
3 1450 2209 1457
3 2020 2026 2028
3 1458 1731 1730
3 1450 1457 1455
3 1457 1456 1458
3 1730 1590 1740
3 1458 1471 1580
3 1459 1467 1469
3 1459 1478 1592
3 1692 1448 1443
3 1453 1689 1460
3 1575 1864 1689
3 1520 1523 1521
3 1463 1462 1423
3 1464 1462 1454
3 1423 1425 1468
3 1463 1418 1465
3 1454 1700 1464
3 4067 1568 1397
3 1418 1419 1466
3 1465 1262 1701
3 1466 1272 1264
3 1418 1466 1465
3 1469 1438 1447
3 1467 1459 1470
3 1418 1468 1421
3 1423 1468 1463
3 1584 1481 1582
3 1473 1451 1476
3 1475 1479 1469
3 1328 1690 1691
3 1458 1730 1471
3 1485 1592 1478
3 1447 1433 1473
3 1475 1480 1479
3 1433 1451 1473
3 1476 1451 1471
3 1480 1475 1474
3 1476 1474 1473
3 1451 1440 1580
3 1474 1582 1481
3 1475 1473 1474
3 1483 1480 1481
3 1479 1459 1469
3 1599 1595 1579
3 1479 1480 1478
3 1476 1471 1740
3 1474 1481 1480
3 1459 1479 1478
3 1481 1484 1483
3 1582 1474 1477
3 1481 1472 1484
3 1485 1483 1482
3 1483 1478 1480
3 1321 1593 1591
3 1478 1483 1485
3 1482 1483 1484
3 1579 1594 1593
3 1272 1486 1251
3 1410 1486 1261
3 968 1287 1487
3 1487 1287 1288
3 1489 1488 1131
3 1490 1488 1291
3 1131 1612 1611
3 1493 960 1492
3 1490 1291 1524
3 974 1133 1490
3 1491 1611 1612
3 1360 1512 1513
3 1494 1489 1611
3 1614 1497 1495
3 1492 1494 1496
3 952 1493 1495
3 1512 1491 1513
3 1506 1510 1501
3 1493 1492 1496
3 1527 1497 1304
3 1506 1501 1504
3 1499 1148 1304
3 1497 1614 1498
3 1304 1497 1499
3 1355 1545 1546
3 1508 1407 1502
3 1497 1498 1499
3 1500 1499 1498
3 1498 1503 1500
3 1500 1505 1508
3 1504 1503 1498
3 1510 1506 1360
3 1502 1407 1515
3 1148 1500 1502
3 1498 1614 1504
3 1505 1503 1501
3 1511 1496 1494
3 1501 1503 1504
3 1510 1546 1638
3 1509 1401 1407
3 1504 1511 1506
3 1512 1494 1491
3 1516 1515 1407
3 1507 1516 1518
3 1500 1508 1502
3 1508 1505 1509
3 1509 1505 1638
3 1405 1401 1509
3 1549 1510 1360
3 1510 1355 1546
3 1496 1511 1504
3 1512 1511 1494
3 1360 1506 1512
3 1512 1506 1511
3 1613 1513 1491
3 1359 1513 1361
3 1507 1615 1514
3 1618 1616 1617
3 1407 1406 1516
3 1514 1515 1507
3 1403 1863 1518
3 1507 1515 1516
3 1698 1866 1865
3 1320 1615 1519
3 1403 1518 1516
3 1518 1517 1519
3 1520 1519 1517
3 1319 1522 1317
3 1862 1576 1695
3 1864 1694 1695
3 1519 1520 1521
3 1523 1520 1324
3 1617 1319 1315
3 1320 1521 1522
3 1325 1523 1324
3 1317 1521 1523
3 1490 1524 976
3 1492 1524 1291
3 1295 1525 1139
3 1525 1293 1538
3 1625 833 1622
3 767 1536 1633
3 955 1527 953
3 1497 1527 957
3 1529 1528 958
3 1530 1528 1305
3 1620 958 953
3 4065 1529 1311
3 4064 1530 1305
3 1531 1530 1154
3 1155 1531 1154
3 1626 1152 978
3 1304 1628 1627
3 1616 1618 1532
3 1325 1533 1323
3 1326 1608 1533
3 1602 1604 1597
3 1630 1534 1607
3 1631 1537 1336
3 1331 1332 1535
3 1633 1536 1338
3 1632 1168 1342
3 1525 1538 860
3 1623 1538 1293
3 1623 1342 1538
3 1625 1622 1624
3 1069 1540 1067
3 1351 1540 1077
3 4079 2038 2121
3 1563 1565 1559
3 1750 1542 1353
3 1750 1749 1542
3 1543 1197 1544
3 1355 1358 1543
3 1197 1547 1544
3 1548 1202 1404
3 1546 1545 1405
3 1543 1545 1355
3 1509 1546 1405
3 1501 1638 1505
3 1201 1547 1197
3 1548 1547 1202
3 1405 1544 1548
3 1548 1544 1547
3 1510 1549 1355
3 1359 1549 1360
3 1208 1550 1194
3 1200 1550 1363
3 1379 1551 1106
3 1375 1551 1372
3 1643 4068 1562
3 1377 1640 1277
3 1641 1277 1640
3 1556 1390 1555
3 1555 1554 1380
3 1373 1554 1382
3 1556 1555 1380
3 1388 1555 1390
3 1557 1556 1380
3 1557 1560 1556
3 1643 1277 1641
3 1557 1553 1561
3 1779 1776 1660
3 1567 1652 1648
3 1671 1559 2046
3 1686 1560 1558
3 1561 1560 1557
3 2042 2045 2108
3 1553 1643 1563
3 1561 1559 1670
3 1752 1753 1104
3 2047 1756 2203
3 1553 1563 1561
3 1562 1759 1565
3 1756 1757 1755
3 4076 4074 4075
3 1562 1565 1563
3 1564 2045 2046
3 1665 1661 1763
3 1661 1671 1657
3 1646 1392 1390
3 1653 1660 1655
3 1710 1702 1577
3 1859 1568 1266
3 1699 1435 1574
3 1688 1569 1260
3 1268 1412 1570
3 1569 1570 1412
3 1437 1571 1427
3 1571 1442 1438
3 1437 1572 1445
3 1425 1572 1420
3 1446 1573 1440
3 1457 1573 1432
3 1460 1574 1428
3 1699 1574 1461
3 1575 1689 1690
3 1520 1694 1324
3 1689 1864 1461
3 1863 1698 1862
3 1700 1454 1701
3 1705 1710 1709
3 1594 1459 1592
3 1742 1606 1578
3 1600 1601 1602
3 1594 1595 1470
3 1458 1580 1440
3 1471 1451 1580
3 1581 1871 1870
3 1481 1584 1472
3 1584 1586 1583
3 1589 1582 1477
3 1588 1586 1585
3 1582 1589 1586
3 1585 1589 1590
3 1472 1584 1583
3 1870 1590 1581
3 1582 1586 1584
3 1253 1587 1588
3 1587 1586 1588
3 1583 1586 1587
3 1456 1733 1731
3 1588 1585 1735
3 1586 1589 1585
3 1740 1590 1477
3 1733 1581 1731
3 1593 1592 1485
3 1485 1482 1591
3 1592 1593 1594
3 1591 1593 1485
3 1598 1321 1596
3 1595 1594 1579
3 1470 1459 1594
3 1598 1596 1600
3 1595 1578 1693
3 1331 1607 1332
3 1593 1598 1579
3 1599 1742 1595
3 1321 1598 1593
3 1600 1599 1579
3 1600 1579 1598
3 1597 1606 1742
3 1602 1601 1330
3 1597 1599 1600
3 1603 1741 1332
3 1600 1596 1601
3 1600 1602 1597
3 1607 1534 1608
3 1534 1533 1608
3 1603 1605 1604
3 1605 1610 1609
3 1605 1603 1607
3 1609 1610 1606
3 1605 1609 1604
3 1743 1606 1610
3 1332 1607 1603
3 1607 1331 1630
3 1326 1605 1608
3 1607 1608 1605
3 1610 1605 1326
3 1606 1604 1609
3 4066 1610 1326
3 1743 1610 1328
3 1131 1611 1489
3 1491 1494 1611
3 1744 1131 1132
3 1613 1361 1513
3 1744 1613 1612
3 1128 1361 1613
3 1493 1614 1495
3 1504 1614 1496
3 1519 1615 1507
3 1616 1615 1320
3 1617 1616 1320
3 1616 1532 1628
3 1522 1617 1320
3 1618 1617 1315
3 1315 1311 1618
3 1619 1529 1620
3 1618 1311 1619
3 1311 1529 1619
3 958 1620 1529
3 1620 953 1627
3 914 1621 1295
3 1745 1621 1296
3 1624 1623 1526
3 1623 1624 1746
3 1539 1342 1623
3 1621 1745 1526
3 1773 1885 1675
3 1745 1624 1526
3 833 1625 1745
3 965 1626 978
3 1530 1626 941
3 1628 1304 1148
3 1620 1627 1532
3 1514 1628 1148
3 1532 1627 1628
3 1312 1629 1308
3 1322 1534 1629
3 1327 1630 1331
3 1629 1630 1308
3 1334 1631 1336
3 1166 1537 1631
3 1342 1539 1632
3 1632 1539 1633
3 1632 1633 1338
3 767 1746 1634
3 1746 1622 1634
3 1633 1746 767
3 1635 1541 1749
3 1067 1542 1636
3 1636 1542 1751
3 1755 1642 1753
3 1751 1752 1070
3 1510 1638 1501
3 1509 1638 1546
3 1106 1639 1379
3 1104 1639 1100
3 1639 1640 1379
3 1641 1640 1552
3 1552 1760 4068
3 1641 4068 1643
3 1104 1760 1552
3 4069 1755 1753
3 1563 1643 1562
3 1644 1643 1553
3 1643 1644 1277
3 1645 1644 1553
3 1557 1645 1553
3 1645 1380 1554
3 1649 1646 1558
3 1392 1646 1650
3 1566 1787 1657
3 1648 1653 1655
3 1650 1646 1651
3 1648 1651 1653
3 2045 2042 1566
3 1651 1649 1790
3 1651 1646 1649
3 1652 1650 1648
3 1762 1779 1796
3 1648 1650 1651
3 1567 1668 1766
3 1385 1392 1652
3 1649 1791 1790
3 1567 1648 1655
3 1666 1677 1680
3 1667 1668 1674
3 1661 1657 1656
3 1567 1655 1669
3 1658 1649 1558
3 1661 1665 1670
3 1835 1793 1831
3 1682 1666 1680
3 1560 1665 1558
3 1670 1671 1661
3 1654 1669 1663
3 1702 1464 1700
3 1774 1770 1776
3 1655 1761 1669
3 1663 1767 1672
3 1681 1683 1849
3 1852 1765 1667
3 1676 1654 1663
3 1663 1669 1673
3 1684 1674 1654
3 1658 1558 1665
3 1767 1663 1673
3 1670 1665 1560
3 1671 1566 1657
3 2048 1764 1822
3 1659 1676 1672
3 1677 1676 1659
3 1663 1672 1676
3 1677 1666 1684
3 1779 1653 1790
3 1761 1655 1660
3 1654 1668 1669
3 1561 1670 1560
3 1670 1559 1671
3 2046 1559 1565
3 1661 1656 1662
3 1659 1672 1681
3 1684 1676 1677
3 1763 1662 1887
3 1769 1770 1768
3 1674 1668 1654
3 1715 1717 1713
3 1683 1678 1849
3 1849 1680 1677
3 1850 1674 1685
3 1885 1773 1775
3 1885 1681 1672
3 1842 1841 1840
3 1769 1773 1675
3 1590 1870 1735
3 1801 1789 1807
3 1849 1677 1659
3 1680 1678 1894
3 1885 1672 1675
3 1681 1679 1683
3 4070 1888 1683
3 1464 1712 1439
3 1775 1801 1679
3 1806 4070 1804
3 1684 1654 1676
3 1684 1666 2052
3 2072 1706 2070
3 1728 1716 1722
3 1686 1558 1646
3 1556 1560 1686
3 1720 1687 1721
3 1710 1708 1709
3 1247 1688 1260
3 1570 1688 1271
3 1460 1689 1461
3 1690 1689 1453
3 1691 1690 1453
3 1324 1690 1328
3 1692 1691 1453
3 1743 1691 1578
3 1460 1692 1453
3 1693 1692 1443
3 1470 1693 1443
3 1691 1693 1578
3 1695 1694 1520
3 1575 1324 1694
3 1861 1695 1520
3 1695 1576 1699
3 1697 1569 1399
3 1698 1696 1576
3 1576 1696 1697
3 1697 1696 1569
3 1695 1861 1862
3 1259 1865 1866
3 1699 1461 1864
3 1576 1697 1699
3 1454 1465 1701
3 1702 1700 1577
3 1703 1701 1262
3 1577 1700 1701
3 1702 1713 1712
3 1464 1702 1712
3 1264 1703 1262
3 1704 1703 1237
3 4067 1237 1395
3 1704 1708 1707
3 1719 1568 1859
3 1713 1711 1715
3 1710 1711 1702
3 1713 1717 1706
3 1703 1707 1701
3 1708 1704 1397
3 1708 1397 1709
3 1577 1707 1708
3 1397 1568 1709
3 1719 1709 1568
3 1710 1577 1708
3 1711 1710 1705
3 1719 1720 1718
3 1714 1715 1716
3 1713 1702 1711
3 1439 1712 1706
3 1711 1705 1718
3 1706 1712 1713
3 2053 1724 1727
3 2072 1439 1706
3 1715 1711 1718
3 1715 1714 1717
3 1718 1720 1716
3 1722 1721 1725
3 2058 2123 2055
3 2069 2070 1717
3 1719 1718 1705
3 1715 1718 1716
3 1719 1705 1709
3 1719 1687 1720
3 1868 1721 1687
3 1384 1374 1726
3 1374 1729 1726
3 1720 1721 1722
3 1723 1725 1726
3 1722 1725 1727
3 1389 1765 1852
3 1714 1716 1728
3 1728 1727 1724
3 1853 1854 1851
3 1726 1725 1721
3 1725 1723 1727
3 1384 1726 1721
3 1391 1729 1374
3 1852 1850 1855
3 1851 1854 1857
3 1727 1728 1722
3 1728 1724 2123
3 1858 1389 1852
3 1723 1726 1729
3 1731 1458 1456
3 1590 1730 1581
3 1867 2069 2074
3 1581 1730 1731
3 2004 2009 1990
3 2130 2206 2207
3 1872 1880 1875
3 1735 1738 1588
3 1734 1871 1875
3 1590 1735 1585
3 1882 1738 1734
3 1734 1738 1735
3 1873 1875 1871
3 1588 1738 1253
3 1739 1253 1738
3 1476 1740 1477
3 1882 1739 1738
3 1730 1740 1471
3 1595 1742 1578
3 1603 1330 1741
3 1597 1742 1599
3 1691 1743 1328
3 1578 1606 1743
3 1613 1744 1128
3 1131 1744 1612
3 833 1745 1296
3 1624 1745 1625
3 1623 1746 1539
3 1622 1746 1624
3 1351 1747 1353
3 2150 1747 1350
3 2044 2199 2109
3 1635 2076 1541
3 4069 1749 1541
3 1751 1749 1637
3 1747 1750 1353
3 1749 1750 1635
3 1749 1751 1542
3 1752 1751 1637
3 1753 1752 1637
3 1103 1758 1104
3 1755 4069 1754
3 1753 1642 1760
3 2148 2117 2149
3 1642 1755 1757
3 4069 1753 1637
3 1756 1755 1754
3 2077 2323 2076
3 1564 1565 1759
3 1759 1756 1564
3 4068 1757 1562
3 1073 1758 1072
3 1070 1752 1758
3 1562 1757 1759
3 1756 1759 1757
3 1753 1760 1104
3 1760 1642 4068
3 1660 1673 1761
3 1669 1761 1673
3 2041 2043 1787
3 1769 1675 1767
3 1665 1763 1658
3 1661 1662 1763
3 1832 1835 1836
3 1825 1826 1821
3 1391 1765 1389
3 1652 1765 1385
3 1667 1765 1766
3 1652 1766 1765
3 1770 1769 1767
3 1672 1767 1675
3 1774 1768 1770
3 1834 1794 1824
3 1770 1767 1673
3 1768 1829 1773
3 1673 1660 1770
3 1774 1776 1772
3 1833 1774 1825
3 1679 1681 1885
3 1781 1782 1784
3 1824 1771 1829
3 1768 1773 1769
3 1773 1771 1775
3 1776 1770 1660
3 1774 1772 1825
3 1824 1794 1800
3 1775 1771 1789
3 1779 1660 1653
3 1780 1776 1779
3 1826 1780 1782
3 1789 1800 1778
3 4071 1804 1805
3 1679 1801 1802
3 1653 1651 1790
3 1780 1779 1762
3 1782 1780 1762
3 1772 1776 1780
3 1786 1788 1784
3 1788 1781 1784
3 1886 1796 1797
3 1782 1781 1826
3 1786 1784 1783
3 1784 1782 1886
3 1886 1782 1762
3 1787 2035 1657
3 1764 1831 1799
3 1798 1781 1788
3 2023 1664 2048
3 1783 1797 2023
3 1786 1822 1788
3 1664 2023 2022
3 2089 1832 1843
3 1798 1792 1821
3 1824 1800 1789
3 1789 1778 1807
3 1791 1649 1658
3 1779 1790 1796
3 1887 1658 1763
3 1783 1886 1797
3 2048 1822 1786
3 2050 1847 1848
3 1906 1917 1921
3 1798 1788 1828
3 1828 1792 1798
3 1815 1809 1811
3 1894 1678 1892
3 1679 1802 4070
3 1790 1791 1796
3 1796 1791 1797
3 1791 1887 1797
3 2022 2023 2011
3 1799 1823 1828
3 1792 1909 1821
3 2048 1783 2023
3 2050 1799 1793
3 1824 1789 1771
3 1815 1811 1817
3 1789 1801 1775
3 1802 1801 1795
3 1804 1802 1795
3 1806 1888 4070
3 1795 1807 1808
3 1810 1811 1809
3 1805 1804 1795
3 1803 2079 1804
3 1808 1810 1805
3 1816 4071 1814
3 2087 1891 1897
3 1678 1683 1888
3 1808 1807 1778
3 1801 1807 1795
3 1811 1810 1808
3 1795 1808 1805
3 1812 1951 1952
3 1810 1814 1805
3 1811 1808 1778
3 1907 1814 1810
3 1800 1817 1778
3 1817 1800 1794
3 1815 1819 1809
3 1812 1814 1907
3 1913 1918 2080
3 1907 1819 1820
3 1907 1810 1809
3 1814 1812 1955
3 1778 1817 1811
3 1813 1927 1819
3 1943 1951 1820
3 1971 1956 1952
3 2080 1920 1794
3 1813 1815 1817
3 1922 1813 1817
3 1946 1935 1938
3 1813 1819 1815
3 1819 1818 1820
3 1924 1813 1922
3 1951 1943 1949
3 1825 1821 1777
3 1798 1821 1826
3 1836 1831 1827
3 1836 1835 1831
3 1845 1831 1764
3 2081 1911 1912
3 1771 1773 1829
3 1824 1829 1834
3 1825 1777 1833
3 1826 1825 1772
3 1826 1772 1780
3 1826 1781 1798
3 1831 1793 1799
3 2106 1664 2033
3 1799 1828 1788
3 1792 1828 1823
3 1768 1833 1829
3 1834 1777 1830
3 1777 1909 1830
3 1848 1823 2050
3 4076 1837 4074
3 1788 1822 1799
3 1764 1799 1822
3 1793 1835 1847
3 1774 1833 1768
3 1777 1829 1833
3 1777 1834 1829
3 1834 1830 2080
3 4073 1841 1844
3 2089 2090 1832
3 1836 1842 1832
3 1845 1844 1827
3 1843 1832 1842
3 1827 1841 1836
3 2122 1840 4141
3 2033 1664 2022
3 2036 1787 2043
3 1844 1841 1827
3 2539 1647 2540
3 1840 1841 1837
3 1841 1842 1836
3 1843 1842 1840
3 1837 4076 4077
3 2396 2240 2092
3 1827 1831 1845
3 1839 4074 4073
3 1664 1845 1764
3 1844 1845 2106
3 1941 1953 1980
3 1914 1916 1911
3 2090 1835 1832
3 1847 1846 1848
3 1920 1922 1817
3 1911 1909 1792
3 1680 1849 1678
3 1681 1849 1659
3 1853 1850 1685
3 1852 1855 1858
3 1856 1685 2052
3 1727 1723 2051
3 1667 1850 1852
3 1853 1855 1850
3 1854 1853 1685
3 1853 1851 1855
3 1856 1854 1685
3 1727 2051 1857
3 2051 1855 1851
3 1729 1858 1723
3 1898 1856 1682
3 1857 2053 1727
3 1856 2124 1854
3 1682 1895 1898
3 1858 1729 1389
3 1855 1723 1858
3 1860 1859 1266
3 1719 1859 1687
3 1254 1860 1266
3 1860 1384 1868
3 1520 1517 1861
3 1862 1861 1517
3 1863 1862 1517
3 1576 1862 1698
3 1518 1863 1517
3 1863 1403 1866
3 1694 1864 1575
3 1699 1864 1695
3 1247 1865 1259
3 1260 1698 1865
3 1863 1866 1698
3 1406 1866 1403
3 2062 1714 2058
3 2062 1717 1714
3 1860 1868 1687
3 1384 1721 1868
3 1888 1893 1892
3 1872 1873 1876
3 1871 1581 1733
3 1735 1870 1734
3 1871 1733 1873
3 1734 1870 1871
3 1450 2129 2208
3 1878 1879 1872
3 1733 2211 1876
3 1873 1872 1875
3 1899 1895 1890
3 1872 1876 1878
3 1872 1879 1880
3 1734 1875 1882
3 1733 1876 1873
3 1874 2228 1878
3 1901 2064 1895
3 2321 2319 2231
3 1874 1878 1876
3 1878 1877 2319
3 2320 2231 2319
3 1883 1881 1880
3 1879 2321 1883
3 1737 1739 1882
3 1875 1880 1882
3 1737 1880 1881
3 1737 1882 1880
3 1881 1883 1736
3 1880 1879 1883
3 2150 2151 2077
3 2107 2108 1748
3 1784 1886 1783
3 1679 1885 1775
3 1796 1886 1762
3 1658 1887 1791
3 1662 1797 1887
3 1891 1806 1897
3 1678 1888 1892
3 2104 1904 1905
3 1888 1806 1891
3 1896 1899 1890
3 1682 1894 1895
3 1897 1806 2079
3 1892 1893 1890
3 1893 1888 1891
3 1894 1892 1890
3 1889 2078 1891
3 1893 1891 2078
3 1895 1894 1890
3 1894 1682 1680
3 1893 2078 1890
3 2063 1898 2060
3 1900 1902 1904
3 2029 2002 1998
3 1962 1816 1960
3 1957 1816 1955
3 1899 1902 1901
3 2055 1724 2053
3 1902 1899 1896
3 1895 1899 1901
3 1903 2007 2001
3 2029 1905 2030
3 2105 2126 1998
3 2056 2054 2059
3 1896 2007 1904
3 1902 1900 2125
3 1957 1960 1816
3 2005 2017 2019
3 1896 1904 1902
3 1904 1903 1988
3 1976 1966 2000
3 2227 2026 2025
3 1937 1940 1928
3 1917 1906 1918
3 1819 1907 1809
3 1812 1907 1820
3 2102 2197 2198
3 1946 1818 1935
3 1821 1909 1777
3 1792 1912 1911
3 1978 1979 1977
3 1910 1914 1911
3 1912 1792 1823
3 1913 1914 1915
3 1823 1848 1912
3 1848 1936 2081
3 1913 1917 1918
3 1916 1830 1909
3 1915 1914 1910
3 1916 1914 1913
3 1928 1910 1936
3 4078 1924 1922
3 1916 1913 2080
3 1911 1916 1909
3 1913 1915 1917
3 1940 1921 1917
3 1920 1918 1906
3 1918 1920 2080
3 1915 1910 1928
3 1819 1927 1818
3 1920 1906 1922
3 1794 1920 1817
3 1940 1917 1915
3 1922 1906 4078
3 1921 4078 1906
3 4078 1919 1923
3 1929 1931 1926
3 1927 1935 1818
3 1929 1924 1923
3 1813 1924 1927
3 1953 1941 1945
3 1944 1919 1937
3 1919 1944 2082
3 1931 1933 1926
3 1929 1927 1924
3 1927 1929 1935
3 1910 2081 1936
3 1928 1925 1937
3 2084 1931 1929
3 1929 1926 1935
3 1919 1940 1937
3 2236 1938 1926
3 2084 1929 1923
3 2153 1933 1931
3 1941 1980 1982
3 2033 2022 2032
3 2153 1931 1930
3 1932 2183 2236
3 3295 3301 3280
3 2182 1939 1934
3 1926 1938 1935
3 1939 1946 1938
3 1978 1848 1846
3 1928 1936 1977
3 1945 1937 1925
3 1945 1944 1937
3 2236 1926 1933
3 1939 1938 1934
3 2178 2180 2103
3 1908 1943 1939
3 1921 1940 1919
3 1928 1940 1915
3 1948 1953 1969
3 1944 1945 2088
3 2155 2163 2164
3 2256 2265 2261
3 1949 1943 1908
3 1820 1818 1943
3 1982 1983 2088
3 1919 2082 1923
3 1969 1953 1945
3 1945 1941 2088
3 1939 1943 1946
3 1818 1946 1943
3 1908 2197 1949
3 1952 1956 1955
3 1969 1979 2340
3 2240 1979 2092
3 1984 1974 2099
3 1949 1947 1951
3 2002 1990 2105
3 1958 1966 1976
3 1952 1951 1947
3 1812 1820 1951
3 1950 1947 1949
3 1814 1955 1816
3 1969 1945 1925
3 2416 2411 2414
3 1954 1971 1997
3 1966 1961 1964
3 1812 1952 1955
3 1947 1971 1952
3 1960 1957 1961
3 1955 1956 1957
3 1956 1954 1973
3 2079 1962 1897
3 1956 1973 1957
3 1961 1966 1958
3 1964 1967 1963
3 1889 2087 2008
3 1957 1973 1961
3 1962 1960 1958
3 1961 1959 1964
3 1958 1960 1961
3 1962 1958 2086
3 1962 1803 4071
3 1973 1954 1974
3 1903 2001 2006
3 1984 1967 1964
3 1964 1963 1966
3 2247 2190 2192
3 2189 2193 1967
3 1966 1963 1993
3 1976 2087 2086
3 1984 1964 1959
3 1967 2253 2189
3 2002 1991 1990
3 2006 2030 1988
3 1977 1925 1928
3 1969 1925 1977
3 1995 2396 2092
3 2185 2085 2152
3 2098 2012 1997
3 1954 1956 1971
3 2012 2364 1997
3 2252 2253 1985
3 1950 2197 2102
3 1973 1959 1961
3 1904 1988 1905
3 2006 1988 1903
3 1999 1993 1963
3 2095 2010 2013
3 1966 1993 2000
3 2087 1976 2008
3 1936 1978 1977
3 1969 1977 1979
3 1848 1978 1936
3 1846 1994 1978
3 1979 1978 1994
3 2092 1979 1994
3 2342 1953 1948
3 1980 2344 2186
3 1970 2427 2186
3 2085 2156 2152
3 2343 1948 2340
3 1981 2232 1982
3 2152 1930 2185
3 1944 2083 2082
3 1984 1959 1974
3 1974 1959 1973
3 1939 1989 2198
3 2196 2012 1950
3 2206 2130 2128
3 2204 1991 1986
3 2204 2004 1991
3 2129 2074 2130
3 1997 1992 1954
3 2195 2303 2363
3 2105 2009 2014
3 1904 2104 1900
3 2191 2096 2188
3 2303 2099 1992
3 2027 1991 2002
3 2056 2059 2061
3 2262 2242 2244
3 2010 2015 2005
3 1963 2193 1999
3 1993 1975 2000
3 1847 2090 1846
3 2090 2092 1846
3 2010 2187 2015
3 2241 2344 2342
3 2397 2511 2512
3 2416 2421 2423
3 1997 1971 2098
3 2165 2177 2183
3 2563 2332 2493
3 2202 520 2109
3 1999 1968 2010
3 1993 1999 2095
3 2001 2000 1975
3 1976 2000 2008
3 2001 1975 2094
3 1904 2007 1903
3 2250 2273 2269
3 2227 2216 2220
3 1987 2134 2009
3 2027 2220 1991
3 2009 2003 2014
3 2139 2141 2212
3 2096 1972 2015
3 2031 2013 2021
3 2095 2094 1975
3 2021 2005 2019
3 2078 2007 1896
3 2008 2007 1889
3 2000 2001 2008
3 2007 2008 2001
3 1869 2056 2061
3 2011 1656 2034
3 1942 2188 2189
3 2010 2005 2013
3 1797 1662 2023
3 1972 2016 2017
3 2073 2071 1869
3 2005 2015 2017
3 2024 2019 2018
3 2013 2031 2094
3 2098 1971 1947
3 2032 2034 2035
3 2187 2010 1968
3 1972 2017 2015
3 2099 1954 1992
3 2314 2316 2311
3 2015 2187 2096
3 2347 2019 2017
3 2262 2263 2016
3 1990 1991 2004
3 2347 2017 2016
3 2021 2019 2024
3 2024 2026 2020
3 2030 2020 2028
3 2031 2021 2020
3 2013 2005 2021
3 2011 2023 1662
3 1656 2011 1662
3 2119 2032 2036
3 1901 2125 2065
3 2318 2026 2024
3 2020 2021 2024
3 2224 2226 2283
3 2128 2138 2140
3 2318 2024 2018
3 2028 2026 2227
3 2308 2145 2229
3 1998 2002 2105
3 2029 2028 2027
3 2028 2029 2030
3 2002 2029 2027
3 1998 1905 2029
3 1988 2030 1905
3 2031 2030 2006
3 2030 2031 2020
3 2031 2006 2094
3 1987 2009 2004
3 2032 2022 2011
3 2035 2034 1656
3 2106 2033 1839
3 2032 2011 2034
3 1657 2035 1656
3 2035 1787 2036
3 2039 2107 2110
3 2115 2116 2040
3 2120 2118 2037
3 2118 2119 2037
3 2041 2039 2110
3 2037 2116 2115
3 2041 1787 2042
3 2040 2043 2041
3 2033 2118 1839
3 2036 2043 2116
3 2042 1787 1566
3 2112 2040 2110
3 1566 2046 2045
3 2039 2041 2042
3 2110 2107 2044
3 2044 2112 2110
3 2044 2107 2199
3 2047 2045 1564
3 1671 2046 1566
3 2107 2039 2108
3 1564 2046 1565
3 1564 1756 2047
3 2203 1754 2117
3 1783 2048 1786
3 1664 1764 2048
3 1799 2050 1823
3 2122 1843 1840
3 1847 2050 1793
3 1855 2051 1723
3 1857 2051 1851
3 1684 2052 1685
3 1682 2052 1666
3 2054 2053 1857
3 2053 2054 2055
3 2054 2063 2060
3 2065 2060 2064
3 2054 2056 2055
3 2055 2056 2058
3 2057 2059 2060
3 2058 2056 1869
3 2065 2066 2127
3 2073 2075 2068
3 2058 1869 2062
3 2123 2058 1714
3 2060 2059 2054
3 2059 2057 2061
3 2063 2054 1857
3 2060 1898 2064
3 2067 2061 2057
3 2061 2131 2073
3 2061 2073 1869
3 2070 2069 1867
3 2124 1857 1854
3 2063 2124 1898
3 1895 2064 1898
3 2065 2064 1901
3 2125 2066 2065
3 2060 2065 2057
3 2125 2104 2066
3 2127 2126 2014
3 2127 2067 2057
3 2132 2003 2075
3 2134 2133 2003
3 2069 2071 2074
3 1717 2062 2069
3 2071 2069 2062
3 2070 1867 2072
3 1717 2070 1706
3 1869 2071 2062
3 2071 2068 2074
3 2129 2072 1867
3 1455 2072 1450
3 2131 2061 2067
3 2068 2071 2073
3 2133 2135 2068
3 2072 2129 1450
3 2014 2132 2067
3 2133 2075 2003
3 2218 2229 2145
3 2321 1879 2319
3 1884 2306 2323
3 2151 2322 2077
3 2007 2078 1889
3 1890 2078 1896
3 1804 2079 1806
3 1962 2079 1803
3 1834 2080 1794
3 2080 1830 1916
3 1911 2081 1910
3 1848 2081 1912
3 1944 2088 2083
3 2084 1930 1931
3 2185 1983 2085
3 2083 2185 2084
3 1923 2082 2084
3 2084 2082 2083
3 2232 1983 1982
3 1932 2152 2157
3 1962 2086 1897
3 1958 1976 2086
3 1891 2087 1889
3 2086 2087 1897
3 1982 2088 1941
3 2083 2088 1983
3 2511 2089 1843
3 1995 2092 2090
3 2090 1847 1835
3 1995 2090 2089
3 2341 2398 2401
3 1980 2186 1982
3 1846 2092 1994
3 1995 2397 2396
3 2427 2423 2425
3 1980 1953 2342
3 2001 2094 2006
3 1975 1993 2095
3 2010 2095 1999
3 2013 2094 2095
3 2188 2096 2187
3 2100 2192 2190
3 2100 2242 2191
3 2271 2255 2244
3 1947 1950 2098
3 2012 2098 1950
3 2099 1985 2253
3 1954 2099 1974
3 2303 2195 2345
3 2337 2339 2196
3 1989 1939 2182
3 2327 2239 2184
3 2181 2184 2237
3 2102 2239 2196
3 1933 2153 1932
3 2161 2163 2155
3 1905 1998 2104
3 2104 1998 2126
3 2009 2105 1990
3 2126 2105 2014
3 1844 2106 1839
3 1664 2106 1845
3 2039 2042 2108
3 2199 2107 1748
3 2045 2047 2108
3 1748 2108 2047
3 2203 2201 2047
3 2113 2109 520
3 2112 2113 2111
3 2041 2110 2040
3 2113 2112 2044
3 2114 2112 2111
3 2113 2044 2109
3 2040 2112 2114
3 2111 2038 2114
3 2111 2113 520
3 1838 2049 2122
3 2040 2114 2115
3 2038 2115 2114
3 2036 2116 2037
3 2040 2116 2043
3 4075 4080 1785
3 4074 2118 2120
3 2119 2118 2033
3 2115 4079 2037
3 2032 2119 2033
3 2037 2119 2036
3 2149 1541 2147
3 2121 4080 4079
3 2148 2200 2201
3 2120 4079 4080
3 2122 2049 2512
3 1728 2123 1714
3 2055 2123 1724
3 1898 2124 1856
3 1857 2124 2063
3 1902 2125 1901
3 2104 2125 1900
3 2127 2014 2067
3 2104 2126 2066
3 2065 2127 2057
3 2126 2127 2066
3 2133 2068 2075
3 2138 2128 2137
3 1867 2074 2129
3 2068 2135 2074
3 2140 2142 2128
3 2130 2207 2208
3 2132 2131 2067
3 2073 2131 2075
3 2003 2132 2014
3 2131 2132 2075
3 2003 2009 2134
3 2133 2137 2135
3 2138 2134 2139
3 2135 2137 2128
3 2128 2130 2135
3 2074 2135 2130
3 2138 2139 2136
3 2230 2140 2136
3 2133 2134 2137
3 2138 2137 2134
3 2139 2134 1987
3 2138 2136 2140
3 1987 2004 2204
3 2139 1987 2141
3 2230 2218 2228
3 2142 2140 1874
3 2214 2213 2141
3 2229 2139 2212
3 2211 1874 1876
3 1456 2209 2210
3 2212 2213 2143
3 2321 4082 2144
3 2218 2145 2320
3 2233 2232 1981
3 2215 2308 2213
3 2150 2076 1635
3 2323 2077 2322
3 2076 2147 1541
3 2149 1754 4069
3 2307 2199 2200
3 2148 2305 2200
3 2148 2149 2147
3 2117 1754 2149
3 2151 2150 1350
3 2076 2150 2077
3 1352 2151 1350
3 2322 2151 564
3 2085 2166 2156
3 2157 2156 2159
3 1930 2152 2153
3 1932 2153 2152
3 2158 2169 2167
3 2157 2155 2165
3 2154 2167 2169
3 2159 2161 2155
3 2232 2166 1983
3 2159 2156 2154
3 2156 2157 2152
3 2155 2164 2165
3 2168 2169 2158
3 2166 2167 2156
3 2234 2161 2159
3 2157 2159 2155
3 2476 2478 2536
3 2178 2103 2164
3 2234 2159 2154
3 2536 2163 2161
3 2324 2160 2171
3 2103 2181 2177
3 2536 2161 2160
3 2164 2163 2162
3 2488 2178 2164
3 2164 2103 2165
3 2177 2165 2103
3 1932 2157 2165
3 1983 2166 2085
3 2167 2166 2158
3 2158 2232 2233
3 2156 2167 2154
3 2186 1981 1982
3 2234 2160 2161
3 2172 2169 2168
3 2154 2169 2171
3 2174 2170 2172
3 2516 2517 2174
3 2172 2171 2169
3 2171 2393 2324
3 2515 2174 2172
3 2172 2170 2393
3 2186 2093 1981
3 2416 2417 2419
3 2515 2172 2168
3 2174 2173 2516
3 2506 2489 2651
3 2393 2170 2394
3 2324 2476 2160
3 2326 2238 2325
3 2180 2181 2103
3 2183 2177 1934
3 2488 2164 2162
3 2176 2329 2180
3 2179 2329 2326
3 2239 2237 2184
3 2176 2180 2178
3 2180 2179 2181
3 2181 2179 2184
3 2181 1989 2182
3 1934 2177 2182
3 2181 2182 2177
3 1934 1938 2236
3 2165 2183 1932
3 2325 2184 2179
3 2325 2327 2184
3 2084 2185 1930
3 1983 2185 2083
3 2093 2428 2515
3 2168 2233 2093
3 2189 2188 1968
3 2188 2187 1968
3 2097 2245 2243
3 1968 1999 2193
3 1967 1984 2253
3 2252 2243 2251
3 2242 1972 2096
3 2251 2188 1942
3 2100 2190 2254
3 2363 2365 2195
3 2251 2191 2188
3 1967 2193 1963
3 1968 2193 2189
3 2242 2100 2254
3 2246 2385 2249
3 2363 2364 2304
3 2192 2100 2191
3 2102 2196 1950
3 2328 2336 2334
3 1949 2197 1950
3 2198 2197 1908
3 1939 2198 1908
3 2237 2198 1989
3 2200 2199 1748
3 2109 2199 2307
3 2201 2200 1748
3 1884 2202 2305
3 2047 2201 1748
3 2148 2201 2117
3 2306 1884 2305
3 1754 2203 1756
3 2201 2203 2117
3 1986 2141 2204
3 1987 2204 2141
3 2219 2214 1986
3 2283 2222 2224
3 2128 2142 2206
3 2207 2206 2142
3 1874 2211 2142
3 2208 2209 1450
3 2130 2208 2129
3 2209 2208 2207
3 2210 2209 2207
3 2209 1456 1457
3 2142 2210 2207
3 1456 2210 1733
3 1733 2210 2211
3 2142 2211 2210
3 2213 2212 2141
3 2212 2143 2229
3 2214 2141 1986
3 2231 2145 2309
3 2220 2219 1986
3 2214 2221 2217
3 2214 2217 2213
3 2225 2315 2221
3 2216 2223 2221
3 2219 2221 2214
3 2310 2215 2312
3 2215 2213 2217
3 2223 2222 2464
3 4083 4084 1732
3 1986 1991 2220
3 2221 2219 2216
3 2227 2220 2027
3 2216 2219 2220
3 2224 2223 2216
3 2221 2223 2225
3 2025 2226 2224
3 2229 2218 2136
3 2216 2227 2224
3 2360 2257 2359
3 2226 2025 2318
3 2222 2223 2224
3 2228 2218 1877
3 1878 2228 1877
3 2346 2347 2265
3 1972 2242 2262
3 2028 2227 2027
3 2227 2025 2224
3 2229 2136 2139
3 2230 1874 2140
3 2229 2143 2308
3 2218 2230 2136
3 1874 2230 2228
3 2308 2309 2145
3 2321 1736 1883
3 2093 2233 1981
3 2166 2232 2158
3 2168 2158 2233
3 2154 2171 2234
3 2160 2234 2171
3 2324 4087 2235
3 2333 2238 4086
3 1932 2236 1933
3 1934 2236 2183
3 2198 2237 2102
3 2181 2237 1989
3 2466 2383 2467
3 2252 2345 2243
3 2196 2239 2101
3 2237 2239 2102
3 2343 2241 2342
3 1969 2340 1948
3 2408 2091 2406
3 2343 2410 2241
3 2191 2242 2096
3 2467 2497 2281
3 2246 2249 2247
3 2254 2249 2271
3 2191 2251 2192
3 2259 2255 2267
3 2303 2345 1985
3 2245 2377 2247
3 2192 2245 2247
3 2260 2270 2284
3 2101 2327 2328
3 2192 2243 2245
3 2245 2097 2377
3 2247 2249 2190
3 2286 2354 2248
3 2274 2278 2269
3 2288 2355 2356
3 2252 2251 1942
3 2192 2251 2243
3 2253 2252 1942
3 2345 2252 1985
3 2189 2253 1942
3 2253 1984 2099
3 2254 2244 2242
3 2249 2254 2190
3 2268 2267 2255
3 2289 2291 2297
3 2285 2261 2264
3 2259 2244 2255
3 2248 4081 2256
3 2463 2283 2266
3 2265 2256 2266
3 2016 2261 2265
3 4081 2359 2257
3 2262 2016 1972
3 2271 2244 2254
3 2284 2264 2267
3 2226 2346 2266
3 2016 2263 2261
3 2244 2259 2262
3 2262 2259 2263
3 2259 2264 2263
3 2318 2346 2226
3 2284 2285 2264
3 2261 2285 2256
3 2263 2264 2261
3 2250 2268 2255
3 4081 2266 2256
3 2269 2260 2268
3 2269 2268 2250
3 2264 2259 2267
3 2260 2267 2268
3 2271 2273 2250
3 2276 2287 2278
3 2269 2287 2293
3 2248 2285 2286
3 2249 2272 2273
3 2255 2271 2250
3 2442 2275 2443
3 2269 2273 2274
3 2249 2273 2271
3 2273 2272 2274
3 2277 2274 2272
3 2276 2278 2277
3 2280 2385 2382
3 2277 2281 2275
3 2276 2441 2298
3 2296 2301 2349
3 2272 2385 2281
3 2277 2275 2442
3 2277 2278 2274
3 2299 2294 2295
3 2290 2286 2270
3 2269 2278 2287
3 2367 2373 2374
3 2350 2258 2351
3 2272 2281 2277
3 2281 2280 2467
3 2334 2331 2337
3 2333 2328 2238
3 2226 2266 2283
3 2463 2266 2257
3 2260 2284 2267
3 2285 2284 2270
3 2286 2285 2270
3 2285 2248 2256
3 2290 2270 2291
3 2288 2359 4081
3 2290 2292 2354
3 2295 2297 2293
3 2355 2288 2354
3 77 2292 2352
3 2354 2288 4081
3 2291 2270 2260
3 2290 2302 2292
3 2260 2293 2291
3 2465 2297 2294
3 2355 2354 2292
3 2289 2290 2291
3 2269 2293 2260
3 2295 2293 2287
3 2287 2299 2295
3 2465 2361 2362
3 2298 2299 2287
3 2297 2295 2294
3 2298 2287 2276
3 2301 2294 2299
3 2289 2297 2465
3 2293 2297 2291
3 2523 2441 2442
3 2349 2299 2298
3 2290 2289 2302
3 2301 2279 2465
3 2294 2301 2465
3 2349 2301 2299
3 2296 2279 2301
3 2352 2302 2300
3 2099 2303 1985
3 2363 2303 1992
3 2337 2101 2334
3 2101 2328 2334
3 2305 2148 2306
3 2307 2202 2109
3 2147 2392 2148
3 2306 2392 2323
3 2200 2305 2307
3 2202 2307 2305
3 2213 2308 2143
3 2309 2308 2215
3 2310 2309 2215
3 4082 4083 2144
3 2313 2312 2215
3 2312 2314 2310
3 2313 2317 2312
3 2310 2314 1732
3 2313 2215 2217
3 2314 2312 2317
3 2315 2313 2217
3 2315 2317 2313
3 2221 2315 2217
3 1732 2314 2311
3 2316 2317 2225
3 2462 2225 2464
3 4085 2311 2316
3 2225 2317 2315
3 2314 2317 2316
3 2026 2318 2025
3 2346 2318 2018
3 1878 2319 1879
3 2320 2319 1877
3 2218 2320 1877
3 2145 2231 2320
3 4082 2321 2231
3 2144 1736 2321
3 564 2146 2322
3 2323 2322 2146
3 2323 2146 1884
3 2076 2323 2147
3 2171 2172 2393
3 2476 2324 2477
3 2326 2325 2179
3 2325 2238 2327
3 2478 2395 2485
3 2371 2366 2369
3 2328 2327 2238
3 2239 2327 2101
3 2338 4086 2335
3 2097 2345 2367
3 2180 2329 2179
3 2494 2335 2329
3 2326 2329 2335
3 4086 2330 2333
3 2336 2331 2334
3 2367 2195 2365
3 2483 2162 2478
3 2562 2475 2561
3 4086 2238 2326
3 2330 2474 2333
3 2336 2328 2333
3 2304 2366 2365
3 2494 2329 2176
3 2335 2332 2338
3 2390 2370 2378
3 2374 2097 2367
3 2339 2337 2304
3 2101 2337 2196
3 2389 2475 2684
3 2475 2389 2330
3 2364 2339 2304
3 2196 2339 2012
3 1979 2240 2340
3 2340 2240 2341
3 2240 2398 2341
3 2401 2403 2341
3 2343 2342 1948
3 2241 4089 2344
3 2340 2341 2343
3 2410 2343 2341
3 2186 2344 1970
3 1980 2342 2344
3 2367 2345 2195
3 2097 2243 2345
3 2347 2346 2018
3 2266 2346 2265
3 2019 2347 2018
3 2265 2347 2016
3 2448 2453 2450
3 2448 2450 2508
3 2350 2349 2298
3 2351 2296 2349
3 2441 2350 2298
3 2448 2508 2444
3 2353 2358 2356
3 2350 2351 2349
3 2302 2352 2292
3 2355 77 2357
3 2290 2354 2286
3 2292 77 2355
3 2356 2357 2353
3 2460 2205 2358
3 2288 2356 2359
3 2461 2358 2205
3 2355 2357 2356
3 2463 2360 2464
3 2356 2358 2359
3 2462 2360 2359
3 2462 2359 2358
3 2464 2360 2462
3 2302 2362 2300
3 2362 2302 2289
3 2300 2362 2361
3 2364 2363 1992
3 2365 2363 2304
3 1997 2364 1992
3 2339 2364 2012
3 2366 2304 2337
3 2371 2365 2366
3 2337 2331 2366
3 2370 2369 2331
3 2369 2366 2331
3 2373 2367 2371
3 2368 2369 2370
3 2376 2380 2383
3 2370 2331 2336
3 2371 2369 2368
3 2474 2378 2336
3 2336 2378 2370
3 2387 2373 2371
3 2371 2367 2365
3 2368 2370 2390
3 2377 2374 2381
3 2387 2371 2368
3 2373 2372 2374
3 2379 2374 2372
3 2379 2381 2374
3 2375 2378 2389
3 2469 2468 2383
3 2379 2380 2376
3 2381 2382 2246
3 2377 2246 2247
3 2097 2374 2377
3 2336 2333 2474
3 2560 2384 2682
3 2380 2379 2372
3 2379 2376 2381
3 2387 2384 2386
3 2469 2380 2388
3 2382 2381 2376
3 2246 2377 2381
3 2466 2382 2376
3 2280 2281 2385
3 2380 2372 2386
3 2467 2383 2468
3 2507 2500 2457
3 2386 2388 2380
3 2249 2385 2272
3 2246 2382 2385
3 2387 2386 2372
3 2388 2386 2384
3 2373 2387 2372
3 2368 2390 2391
3 2594 2682 2683
3 2458 2456 2459
3 2338 2475 2330
3 2563 2561 2332
3 2683 2378 2375
3 2387 2391 2384
3 2368 2391 2387
3 2682 2391 2390
3 2148 2392 2306
3 2147 2323 2392
3 2170 2517 2394
3 2324 2393 4087
3 2430 2429 2439
3 2440 2519 2175
3 2477 2395 2476
3 2493 2332 2494
3 2511 2397 1995
3 2398 2240 2396
3 2407 2412 2399
3 2397 2407 2396
3 2402 2401 2398
3 2404 2405 2091
3 2405 2404 2402
3 2406 2409 2408
3 2403 2400 2413
3 2396 2407 2398
3 2403 2401 2400
3 2405 2407 2399
3 2400 2401 2402
3 2409 2413 2408
3 2411 4089 2410
3 2407 2405 2402
3 2400 2402 2404
3 2091 2405 2399
3 2407 2402 2398
3 2404 2408 2400
3 2407 2397 2412
3 2091 2408 2404
3 2513 1996 2409
3 2409 2417 2414
3 2423 4089 2411
3 2341 2403 2410
3 2410 2403 2411
3 2414 2403 2413
3 2416 2414 2417
3 2540 2397 2512
3 2399 2412 1647
3 2408 2413 2400
3 2414 2413 2409
3 2430 2173 2426
3 2403 2414 2411
3 2433 2429 2432
3 2426 2173 2428
3 2514 2422 2417
3 2423 2411 2416
3 2514 2409 1996
3 2424 2422 2420
3 2514 2420 2422
3 2416 2419 2421
3 2419 2418 2432
3 2431 2426 2421
3 2419 2422 2418
3 2428 2425 2426
3 2417 2422 2419
3 2424 2420 2415
3 2425 2423 2421
3 4089 2423 1970
3 2435 2433 2436
3 2418 2422 2424
3 2425 2421 2426
3 2427 2425 2093
3 2432 2429 2431
3 2431 2430 2426
3 2186 2427 2093
3 2423 2427 1970
3 2173 2174 2515
3 2425 2428 2093
3 2542 2434 2541
3 2435 2429 2433
3 2429 2435 2438
3 2175 2516 2430
3 2432 2431 2421
3 2430 2431 2429
3 2419 2432 2421
3 2432 2418 2433
3 2418 2424 2433
3 2541 2435 2436
3 2542 2544 2434
3 2429 2438 2439
3 2436 2433 2424
3 2434 2546 2438
3 2424 2415 2436
3 2415 2518 2541
3 2394 2175 2519
3 2439 2440 2175
3 2434 2438 2435
3 2438 2437 2439
3 2440 2439 2437
3 2175 2430 2439
3 2521 2522 2629
3 2687 2651 2489
3 2442 2441 2276
3 2444 2441 2348
3 2277 2442 2276
3 2275 2497 2443
3 2501 2452 2454
3 2523 2443 2452
3 2446 2447 2508
3 2350 2441 2444
3 2448 2444 2348
3 2348 2452 2451
3 2446 2508 2450
3 2258 2350 2552
3 2451 2448 2348
3 2552 2447 2258
3 2530 2452 2443
3 2455 2456 2445
3 2448 2451 2453
3 2455 2446 2450
3 2348 2523 2452
3 2451 2449 2453
3 2443 2497 2530
3 2449 2451 2452
3 2459 2456 2453
3 2456 2455 2450
3 2468 2282 2467
3 2468 2471 2473
3 2507 2459 2453
3 2456 2450 2453
3 2526 2531 2558
3 2501 2449 2452
3 2473 2471 2472
3 2672 2526 2492
3 2456 2458 2445
3 2507 2453 2449
3 2458 2558 2557
3 4085 2461 2205
3 2358 2353 2460
3 2225 2461 2316
3 2358 2461 2462
3 2225 2462 2461
3 2283 2463 2222
3 2257 2360 2463
3 2223 2464 2225
3 2463 2464 2222
3 2361 2465 2279
3 2465 2362 2289
3 2382 2466 2280
3 2376 2383 2466
3 2467 2282 2497
3 2466 2467 2280
3 2468 2469 2471
3 2282 2468 2473
3 2380 2469 2383
3 2471 2469 2678
3 2560 2388 2384
3 2495 2548 2505
3 2678 2469 2388
3 2471 2470 2472
3 2472 2520 2491
3 2524 2501 2491
3 2472 2454 2473
3 2473 2454 2530
3 2330 2389 2474
3 2378 2474 2389
3 2488 2487 2176
3 2561 2475 2338
3 2477 2324 2235
3 2478 2476 2395
3 2489 2235 4088
3 2551 2477 2482
3 2485 2483 2478
3 2162 2163 2536
3 2549 2551 2506
3 2477 2235 2482
3 2481 2395 2477
3 2486 2485 2395
3 2500 2527 2526
3 2480 2485 2486
3 4087 4088 2235
3 2506 2551 2489
3 2487 2483 2480
3 2488 2176 2178
3 2434 2544 2546
3 2501 2524 2449
3 2486 2395 2481
3 2480 2483 2485
3 2495 2496 2499
3 2496 2486 2481
3 2493 2487 2480
3 2494 2487 2493
3 2162 2483 2488
3 2488 2483 2487
3 2235 2489 2482
3 2441 2523 2348
3 2949 2959 2960
3 2532 2445 2458
3 2627 2522 2625
3 2525 2520 2502
3 2502 2730 2525
3 2493 2480 2537
3 2486 2496 2510
3 2486 2510 2480
3 2335 2494 2332
3 2176 2487 2494
3 2636 2650 2546
3 2495 2505 2498
3 2281 2497 2275
3 2495 2498 2510
3 2652 2550 2700
3 2502 2520 2490
3 2550 2670 2549
3 2505 2569 2572
3 2549 2496 2481
3 2459 2507 2457
3 2553 2472 2470
3 2501 2454 2491
3 2472 2491 2454
3 2525 2529 2520
3 2492 2526 2527
3 2625 2522 2440
3 2442 2443 2523
3 2496 2549 2499
3 2670 2550 2704
3 2596 2615 2681
3 2499 2670 2653
3 2565 2563 2564
3 2529 2524 2491
3 2548 2495 2653
3 2449 2524 2507
3 2595 2605 2592
3 2530 2497 2282
3 2520 2472 2553
3 2600 2608 2619
3 2457 2500 2526
3 2495 2510 2496
3 2510 2498 2537
3 2089 2511 1995
3 2512 2511 1843
3 2122 2512 1843
3 2540 1647 2412
3 2409 2514 2417
3 2409 2406 2513
3 2420 2514 1996
3 2093 2515 2168
3 2173 2515 2428
3 2516 2175 2517
3 2173 2430 2516
3 2394 2517 2175
3 2174 2517 2170
3 4015 2639 2635
3 2541 2434 2435
3 4088 2521 2484
3 2777 2554 2773
3 2500 2524 2529
3 2394 2519 2521
3 2522 2521 2519
3 2440 2522 2519
3 2507 2524 2500
3 2508 2552 2444
3 2555 2194 2556
3 2553 2675 2490
3 2675 2676 2559
3 2556 2194 2528
3 2527 2500 2525
3 2591 2596 2533
3 2492 2527 2671
3 2558 2459 2457
3 2526 2672 2531
3 2520 2529 2491
3 2500 2529 2525
3 2473 2530 2282
3 2452 2530 2454
3 2531 2556 2557
3 2581 2389 2684
3 2557 2532 2458
3 2583 2535 2577
3 2538 2564 2537
3 2586 2581 2535
3 2565 2566 2534
3 2587 2576 2616
3 2476 2536 2160
3 2162 2536 2478
3 2510 2537 2480
3 2537 2498 2572
3 2568 2538 2569
3 2562 2534 2566
3 2397 2540 2412
3 2512 2049 2539
3 2512 2539 2540
3 2415 2541 2436
3 2542 2541 2518
3 2518 532 2542
3 532 2688 2542
3 2635 2639 2634
3 2650 2440 2437
3 2656 2660 2658
3 2627 2629 2522
3 2916 2600 2918
3 2627 2625 2545
3 2631 2635 2633
3 2546 2437 2438
3 2629 2484 2521
3 2650 2636 2547
3 2654 2548 2655
3 2551 2549 2481
3 2506 2700 2549
3 2700 2651 2652
3 2634 2641 2646
3 2477 2551 2481
3 2489 2551 2482
3 2444 2552 2350
3 2447 2552 2508
3 2675 2553 2470
3 2520 2553 2490
3 2679 2680 2756
3 2566 2565 2570
3 2555 2672 2673
3 2834 2759 2554
3 2557 2556 2528
3 2556 2531 2672
3 2532 2557 2528
3 2458 2459 2558
3 2526 2558 2457
3 2531 2557 2558
3 2678 2560 2676
3 2577 2535 2575
3 2384 2391 2682
3 2559 2686 2685
3 2332 2561 2338
3 2562 2561 2534
3 2563 2565 2534
3 2578 2562 2575
3 2564 2563 2493
3 2561 2563 2534
3 2537 2564 2493
3 2564 2538 2565
3 2569 2663 2568
3 2566 2573 2562
3 2568 2565 2538
3 2568 2570 2565
3 2616 2619 2608
3 2562 2573 2575
3 2572 2569 2538
3 2568 2567 2570
3 2654 2569 2505
3 2663 2662 2567
3 2574 2589 2579
3 2574 2573 2566
3 2589 2574 2570
3 2594 2599 2586
3 2537 2572 2538
3 2505 2572 2498
3 2574 2566 2570
3 2575 2573 2571
3 2589 2570 2567
3 2571 2573 2574
3 2577 2575 2571
3 2575 2535 2578
3 2660 2662 2663
3 2595 2604 2588
3 2579 2571 2574
3 2596 2591 2597
3 2578 2535 2581
3 2475 2562 2578
3 2577 2585 2583
3 2571 2579 2582
3 2577 2571 2582
3 2602 2588 2604
3 2535 2583 2586
3 2389 2581 2375
3 2582 2579 2587
3 2583 2585 2580
3 2585 2577 2582
3 2583 2580 2586
3 2576 2715 2617
3 2613 2593 2603
3 2588 2582 2587
3 2582 2588 2585
3 2580 2591 2586
3 2586 2591 2594
3 2576 2587 2579
3 2587 2584 2588
3 2595 2588 2584
3 2615 2596 2593
3 2567 2662 2715
3 2589 2576 2579
3 2504 2654 2655
3 2620 2592 2605
3 2591 2580 2597
3 2594 2591 2533
3 2608 2600 2605
3 2611 2592 2623
3 2580 2585 2602
3 2601 2603 2593
3 2682 2533 2560
3 2581 2599 2375
3 2608 2605 2595
3 2593 2597 2601
3 2613 2615 2593
3 2686 2559 2676
3 2580 2602 2601
3 2596 2597 2593
3 2610 2611 2606
3 2598 2610 2603
3 2586 2599 2581
3 2683 2599 2594
3 2504 2655 2658
3 2915 2916 2918
3 2580 2601 2597
3 2603 2601 2598
3 2588 2602 2585
3 2598 2601 2602
3 2610 2598 2611
3 2490 2677 2679
3 2611 2595 2592
3 2602 2604 2598
3 2608 2595 2584
3 2916 2917 2600
3 2620 2622 2592
3 2607 2613 2612
3 2603 2610 2612
3 2719 2834 2727
3 2616 2584 2587
3 2608 2584 2616
3 2668 2618 2666
3 2624 2732 2785
3 2611 2598 2604
3 2610 2606 2612
3 2595 2611 2604
3 2592 2622 2623
3 2606 2623 2624
3 2554 2671 2727
3 2612 2613 2603
3 2615 2613 2718
3 2680 2679 2614
3 2677 2490 2675
3 2718 2613 2607
3 2615 2614 2681
3 2576 2617 2616
3 2665 2619 2617
3 2715 2576 2589
3 2665 2617 2590
3 2660 2661 2590
3 2667 2656 2716
3 2617 2619 2616
3 2619 2618 2918
3 2917 2605 2600
3 2897 2622 2609
3 2763 2758 2760
3 2732 2757 2731
3 2609 2622 2620
3 2622 2621 2623
3 2623 2621 2835
3 2611 2623 2606
3 2765 2758 2763
3 2759 2762 2771
3 2650 2625 2440
3 2625 2547 2545
3 2626 2627 2545
3 2641 2634 2639
3 2547 2636 2631
3 2627 2626 2629
3 2638 2632 2631
3 2631 2636 2638
3 2648 2626 2646
3 2687 2629 2713
3 2545 2547 2631
3 2638 2644 2645
3 2545 2633 2626
3 2626 2633 2634
3 2545 2631 2633
3 4011 4009 3959
3 2634 2633 2635
3 2631 2632 2635
3 4133 2637 4132
3 2544 2642 2546
3 2630 4012 4016
3 2644 532 2643
3 2690 2694 2696
3 4015 2635 2632
3 2642 2638 2636
3 4015 4012 2637
3 3958 3960 3996
3 4133 2641 2639
3 2703 2479 2704
3 2714 2701 2713
3 2641 2689 2649
3 2626 2634 2646
3 2546 2642 2636
3 2642 2688 2644
3 2642 2544 2688
3 2642 2644 2638
3 2645 2644 2643
3 2630 2645 2643
3 2632 2638 2645
3 2649 2646 2641
3 2626 2648 2629
3 2691 2689 2640
3 2618 2665 2666
3 2646 2649 2714
3 2629 2648 2713
3 2689 2641 2640
3 2712 2711 2652
3 2546 2650 2437
3 2625 2650 2547
3 2687 2489 2484
3 2651 2543 2652
3 2701 2712 2713
3 2703 2657 2702
3 2499 2653 2495
3 2702 2653 2479
3 2569 2654 2504
3 2505 2548 2654
3 2702 2548 2653
3 2658 2655 2659
3 2548 2702 2655
3 2659 2716 2658
3 2550 2652 2709
3 2786 2720 2699
3 2659 2655 2657
3 2656 2661 2660
3 2669 2664 2667
3 2739 2710 2738
3 2662 2660 2590
3 2504 2658 2660
3 2667 2664 2847
3 2665 2661 2666
3 2590 2617 2715
3 2568 2663 2567
3 2569 2504 2663
3 2660 2663 2504
3 2705 2787 2751
3 2806 2812 2814
3 2665 2618 2619
3 2590 2661 2665
3 2667 2666 2661
3 2847 2845 2668
3 2661 2656 2667
3 2667 2716 2669
3 2749 2664 2669
3 2812 2806 2810
3 2706 2705 2703
3 2689 2693 2647
3 2653 2670 2479
3 2549 2670 2499
3 2728 2730 2756
3 2775 2777 2773
3 2673 2672 2492
3 2556 2672 2555
3 2492 2671 2673
3 2777 2671 2554
3 2849 2769 2778
3 2726 2555 2673
3 2676 2675 2470
3 2677 2675 2559
3 2678 2676 2470
3 2685 2686 2533
3 2559 2685 2681
3 2679 2677 2614
3 2471 2678 2470
3 2560 2678 2388
3 2680 2614 2718
3 2502 2490 2679
3 2729 2728 2680
3 2680 2607 2729
3 2614 2677 2681
3 2559 2681 2677
3 2683 2682 2390
3 2533 2682 2594
3 2378 2683 2390
3 2683 2375 2599
3 2475 2578 2684
3 2581 2684 2578
3 2533 2596 2685
3 2681 2685 2596
3 2676 2560 2686
3 2560 2533 2686
3 2651 2687 2543
3 2484 2629 2687
3 2542 2688 2544
3 532 2644 2688
3 2694 2690 2691
3 2647 2649 2689
3 2699 2720 2698
3 2691 2693 2689
3 4131 4132 3959
3 2690 2720 2691
3 4014 3998 3960
3 3961 3965 3736
3 2698 2690 2696
3 2704 2706 2703
3 4131 2691 2640
3 3964 2503 3965
3 4131 3959 4008
3 2790 2793 2789
3 4008 3958 4131
3 2694 3958 2696
3 2788 2790 2792
3 2750 2669 2716
3 4014 4007 2692
3 2698 2697 2699
3 2710 2739 2740
3 2703 2705 2657
3 2549 2700 2550
3 2651 2700 2506
3 2649 2647 2721
3 2706 2708 2710
3 2703 2702 2479
3 2655 2702 2657
3 2479 2670 2704
3 2740 2706 2710
3 2709 2711 2707
3 2738 2722 2736
3 2788 2746 2699
3 2750 2751 2725
3 2709 2707 2708
3 2706 2704 2708
3 2733 2721 2722
3 2734 2722 2647
3 2709 2708 2704
3 2710 2708 2707
3 2550 2709 2704
3 2709 2652 2711
3 2733 2722 2707
3 2734 2736 2722
3 2712 2652 2543
3 2711 2701 2733
3 2713 2712 2543
3 2701 2711 2712
3 2713 2543 2687
3 2713 2648 2714
3 2646 2714 2648
3 2714 2649 2721
3 2567 2715 2589
3 2590 2715 2662
3 2658 2716 2656
3 2750 2716 2659
3 2615 2718 2614
3 2839 2775 2776
3 2607 2680 2718
3 2731 2729 2607
3 2612 2732 2731
3 2691 2720 2693
3 2698 2720 2690
3 2721 2647 2722
3 2714 2721 2701
3 2734 2647 2693
3 2707 2722 2738
3 3996 2698 2696
3 2818 2816 2819
3 2798 2747 2723
3 3241 2801 2802
3 2705 2706 2740
3 2830 2752 2753
3 2527 2730 2671
3 2833 2555 2726
3 2730 2728 2727
3 2719 2727 2728
3 2671 2730 2727
3 2731 2607 2612
3 2719 2728 2729
3 2525 2730 2527
3 2756 2730 2502
3 2612 2785 2732
3 2719 2729 2731
3 2775 2768 2776
3 2719 2731 2757
3 2711 2733 2707
3 2721 2733 2701
3 2786 2693 2720
3 2737 2735 2736
3 2693 2786 2734
3 2735 2742 2739
3 2737 2736 2734
3 2738 2736 2735
3 2829 2723 2747
3 2742 2743 2741
3 2739 2738 2735
3 2738 2710 2707
3 2742 2735 2743
3 2787 2745 2753
3 2744 2748 2742
3 2705 2740 2745
3 2741 2743 2747
3 2748 2740 2739
3 2743 2735 2737
3 2742 2741 2744
3 2746 2743 2737
3 2743 2746 2829
3 2753 2754 2823
3 2752 2725 2753
3 2748 2745 2740
3 2753 2745 2831
3 2786 2746 2737
3 2788 2699 2697
3 2792 2789 2796
3 2747 2798 2804
3 2742 2748 2739
3 2748 2744 2831
3 2669 2750 2752
3 2818 2724 2816
3 2751 2750 2659
3 2752 2750 2725
3 2659 2657 2751
3 2705 2751 2657
3 2787 2753 2725
3 2669 2752 2749
3 2745 2748 2831
3 2830 2724 2848
3 2805 2807 2741
3 2747 2804 2805
3 2679 2756 2502
3 2194 2555 2833
3 2732 2760 2757
3 2728 2756 2680
3 2719 2757 2759
3 2764 2763 2760
3 2849 2778 2779
3 2766 2760 2762
3 2766 2762 2759
3 2764 2624 2761
3 2760 2758 2762
3 2761 2778 2765
3 2765 2778 2781
3 2762 2758 2770
3 2759 2771 2773
3 2764 2760 2732
3 2765 2763 2761
3 2624 2764 2732
3 2761 2763 2764
3 2761 2779 2778
3 2784 2770 2758
3 2759 2757 2766
3 2760 2766 2757
3 2905 2781 2904
3 2717 2755 2837
3 2762 2772 2771
3 2768 2772 2774
3 2845 2664 2828
3 2858 2859 2780
3 2765 2905 2784
3 2771 2772 2768
3 2772 2762 2770
3 2773 2771 2768
3 2770 2767 2772
3 2774 2772 2767
3 2775 2773 2768
3 2759 2773 2554
3 2881 2840 2883
3 2838 2839 2837
3 2776 2768 2774
3 2775 2726 2777
3 2783 2776 2774
3 2783 2717 2837
3 2726 2673 2777
3 2671 2777 2673
3 2779 2761 2624
3 2857 2781 2778
3 2624 2835 2779
3 2779 2835 2836
3 2821 2820 2842
3 2859 2864 2860
3 2857 2778 2769
3 2780 2904 2781
3 2860 2780 2859
3 2784 2874 2770
3 2881 2767 2873
3 2884 2886 2883
3 2765 2784 2758
3 2784 2782 2874
3 2612 2606 2785
3 2606 2624 2785
3 2746 2786 2699
3 2734 2786 2737
3 2751 2787 2725
3 2705 2745 2787
3 2790 2788 2697
3 2723 2746 2788
3 3494 3316 3713
3 2789 2793 3962
3 3997 2698 3996
3 2792 2790 2789
3 2793 3963 3962
3 3736 3963 3961
3 2796 2789 2794
3 2788 2792 2723
3 2697 2793 2790
3 2793 3997 3963
3 2741 2747 2805
3 2723 2792 2796
3 3497 3884 3742
3 3740 3887 4126
3 2799 2796 2794
3 2723 2796 2798
3 2801 2797 2799
3 2824 2815 2754
3 2799 2798 2796
3 2804 2797 2803
3 3886 2801 2799
3 2798 2799 2797
3 3725 3726 3724
3 4090 2842 2843
3 3886 2799 2794
3 2802 2801 2800
3 3027 3033 3037
3 2823 2815 2816
3 3241 3178 3179
3 2815 2806 2814
3 2797 2804 2798
3 2805 2804 2803
3 2808 2805 2803
3 2741 2807 2744
3 3179 3178 2809
3 2810 2806 2808
3 2807 2805 2808
3 2744 2832 2831
3 2803 3179 2810
3 2808 2806 2824
3 3010 3011 2997
3 2848 2828 2749
3 2803 2810 2808
3 2809 3235 2812
3 3237 3168 3099
3 2836 2899 2850
3 2809 2812 2810
3 3059 2814 2812
3 3058 2820 3059
3 2826 2828 2848
3 3059 2812 2811
3 2815 2814 2813
3 2816 2815 2813
3 2832 2824 2754
3 2816 2813 2819
3 2823 2816 2724
3 2821 2817 2819
3 2920 2921 2903
3 2817 2826 2818
3 2724 2818 2848
3 2813 3059 2821
3 2818 2819 2817
3 3180 3057 3160
3 2849 2851 2769
3 2813 2821 2819
3 2821 2842 2841
3 3234 3056 3058
3 2854 2853 2851
3 2823 2724 2830
3 2754 2815 2823
3 2808 2824 2807
3 2806 2815 2824
3 2826 2817 2827
3 2826 2827 2921
3 2827 2817 2841
3 2826 2825 2828
3 2827 2822 2902
3 2940 2827 2902
3 2845 2828 2825
3 2749 2828 2664
3 2723 2829 2746
3 2747 2743 2829
3 2752 2830 2749
3 2823 2830 2753
3 2832 2744 2807
3 2753 2831 2754
3 2824 2832 2807
3 2754 2831 2832
3 2755 2838 2837
3 2755 2194 2833
3 2727 2834 2554
3 2719 2759 2834
3 2623 2835 2624
3 2836 2835 2621
3 2621 2897 2836
3 2846 2668 2845
3 2755 2833 2838
3 2776 2783 2837
3 2833 2726 2838
3 2726 2775 2839
3 2837 2839 2776
3 2726 2839 2838
3 2782 2860 2870
3 2883 2886 2783
3 2821 2841 2817
3 2822 2827 2841
3 2843 2842 2820
3 2822 2841 2842
3 2962 2965 2954
3 2853 2769 2851
3 2945 2902 4090
3 2913 2865 2888
3 2845 2825 2920
3 2668 2666 2847
3 2925 2898 2901
3 2668 2846 2915
3 2667 2847 2666
3 2664 2845 2847
3 2848 2749 2830
3 2826 2848 2818
3 2779 2836 2849
3 2851 2836 2850
3 2836 2897 2899
3 2857 2858 2780
3 2836 2851 2849
3 2851 2850 2854
3 3143 2854 2855
3 2856 3149 2862
3 2858 2852 2856
3 2857 2853 2858
3 2855 2854 2850
3 2853 2854 2852
3 2928 2930 2898
3 2844 2902 2945
3 2939 3143 2937
3 2767 2874 2873
3 2781 2857 2780
3 2769 2853 2857
3 2852 2858 2853
3 2858 2856 2859
3 2859 2862 2864
3 2782 2904 2860
3 2859 2856 2862
3 2868 2870 2860
3 2939 3144 2852
3 2866 2880 2873
3 2856 3148 3149
3 2862 2861 2864
3 2932 2934 2927
3 2872 2879 2877
3 2864 2861 2867
3 2860 2864 2868
3 3149 3150 2861
3 2879 2871 2876
3 2864 2869 2868
3 2869 2875 2866
3 3233 2877 2867
3 2868 2869 2866
3 2869 2864 2867
3 2868 2866 2870
3 2867 2877 2907
3 2867 2907 2869
3 2873 2870 2866
3 2874 2870 2873
3 2876 2875 2907
3 2884 2840 2885
3 2908 2909 2888
3 2933 2935 2931
3 2875 2890 2866
3 2873 2840 2881
3 2874 2767 2770
3 2782 2870 2874
3 2872 3296 2887
3 2879 2876 2907
3 2878 2910 2887
3 2892 2890 2875
3 3233 2867 2861
3 3147 2863 3146
3 2891 2893 2896
3 2872 2887 2879
3 2879 2887 2871
3 2892 2889 2890
3 2889 2885 2880
3 2840 2873 2880
3 2884 2885 2906
3 2774 2767 2881
3 2884 2883 2840
3 2883 2774 2881
3 2840 2880 2885
3 2774 2883 2783
3 2886 2717 2783
3 2889 2674 2885
3 2884 2906 2882
3 2942 2914 2943
3 2884 2882 2886
3 2887 2910 2909
3 2908 2888 2865
3 2880 2890 2889
3 2892 2875 2876
3 2866 2890 2880
3 2891 2895 2893
3 2893 2892 2876
3 2674 2889 2894
3 2876 2871 2893
3 2889 2895 2894
3 2908 2893 2871
3 2893 2895 2892
3 2895 2889 2892
3 2891 2894 2895
3 2622 2897 2621
3 2908 2896 2893
3 2900 2899 2897
3 2898 2900 2901
3 2846 2923 2915
3 2900 2897 2609
3 2899 2898 2930
3 2901 2900 2609
3 2898 2899 2900
3 2620 2917 2609
3 2922 2846 2920
3 2822 2842 4090
3 2846 2845 2920
3 2940 2902 2941
3 2922 2903 2924
3 2904 2782 2905
3 2780 2860 2904
3 2784 2905 2782
3 2781 2905 2765
3 2907 2875 2869
3 2885 2674 2906
3 2879 2907 2877
3 2909 2908 2871
3 2896 2908 2865
3 2887 2909 2871
3 2909 2942 2888
3 2912 2910 3404
3 2912 2942 2910
3 3152 2968 2970
3 3244 3319 3321
3 3404 2910 2878
3 2943 2913 2942
3 2909 2910 2942
3 2912 2911 2914
3 2923 2846 2922
3 3194 3190 3252
3 2916 2915 2901
3 2917 2901 2609
3 2619 2918 2600
3 2917 2620 2605
3 2901 2917 2916
3 2618 2668 2918
3 2915 2918 2668
3 2951 2955 2949
3 2934 2938 2937
3 2921 2920 2825
3 2922 2920 2903
3 2826 2921 2825
3 2940 2921 2827
3 2940 2941 2903
3 2901 2915 2923
3 2922 2924 2926
3 2901 2923 2925
3 2933 2924 3142
3 2898 2925 2928
3 2923 2926 2925
3 2850 2930 2855
3 2922 2926 2923
3 2932 2927 2929
3 2928 2925 2929
3 2927 2928 2929
3 2929 2925 2926
3 2930 2928 2927
3 2924 2933 2926
3 2929 2933 2932
3 2855 2930 2927
3 2930 2850 2899
3 2945 2947 2844
3 2927 2934 2855
3 2929 2926 2933
3 2932 2931 2934
3 2924 2941 3142
3 2931 2932 2933
3 2935 2950 2931
3 2855 2934 2937
3 2950 2938 2931
3 3143 2939 2852
3 2938 2965 2937
3 2962 2936 2965
3 2938 2934 2931
3 2937 2936 2939
3 2844 2947 2935
3 2948 2935 2947
3 2936 2968 2973
3 3144 2856 2852
3 2941 2902 2844
3 2921 2940 2903
3 3142 2941 2844
3 2903 2941 2924
3 2914 2942 2912
3 2913 2888 2942
3 2973 2939 2936
3 2914 1965 2943
3 2950 2954 2938
3 4090 2902 2822
3 2947 2945 3012
3 3004 3008 3013
3 2981 2988 2996
3 3012 2945 2919
3 2947 2946 2948
3 2948 2946 2951
3 2935 2948 2950
3 3013 3008 3012
3 2955 2957 2949
3 2961 2948 2951
3 2954 2950 2961
3 2946 3008 2955
3 2954 2961 2964
3 2949 2957 2959
3 2984 3271 3270
3 2979 2982 2990
3 3104 2989 3200
3 2950 2948 2961
3 2954 2952 2962
3 2946 2955 2951
3 3156 2957 2955
3 2997 2986 2994
3 2977 2963 2969
3 3156 2955 2953
3 2956 2976 2959
3 2958 2974 2969
3 2952 2960 2967
3 2956 2959 2957
3 2960 2959 2958
3 2969 2967 2960
3 2960 2952 2964
3 2951 2949 2961
3 2949 2960 2964
3 2952 2967 2970
3 2936 2962 2968
3 2969 2963 2967
3 2970 2963 3153
3 2954 2964 2952
3 2949 2964 2961
3 2937 2965 2936
3 2954 2965 2938
3 2983 2963 2977
3 3403 3272 3150
3 2969 2960 2958
3 2970 2968 2962
3 2952 2970 2962
3 2968 2966 2971
3 2958 2976 2974
3 2969 2978 2977
3 2967 2963 2970
3 2984 3153 2983
3 3147 2971 2966
3 3146 3148 3144
3 3154 2982 2987
3 3320 2992 3319
3 2968 2971 2973
3 2973 2971 3145
3 2958 2959 2976
3 2978 2974 2972
3 2975 2978 2985
3 3274 3276 3271
3 2982 2976 2956
3 2974 2976 3154
3 2978 2969 2974
3 3320 2983 2975
3 2988 2985 2978
3 2977 2978 2975
3 2990 2994 2986
3 2979 3157 2987
3 2985 2992 2975
3 3243 3276 3285
3 2972 3154 2987
3 3104 3093 2989
3 2994 2990 2982
3 2982 2979 2987
3 2975 2983 2977
3 2983 2980 2984
3 3269 3147 2966
3 2984 3270 3152
3 2988 2978 2972
3 2992 2985 2981
3 3007 3010 2997
3 3019 3015 3020
3 3001 3157 3000
3 2985 2988 2981
3 2987 3002 2972
3 3002 2996 2988
3 3250 3107 2996
3 2980 2983 3320
3 2994 2982 2956
3 2986 3015 2998
3 2979 2990 2998
3 3051 2999 3034
3 2944 3211 3251
3 3186 2981 3107
3 3068 3204 3247
3 3186 3321 2981
3 3156 2956 2957
3 2994 3156 2997
3 2999 3000 3023
3 2998 3000 2979
3 2988 2972 3002
3 2911 3290 3302
3 3008 3007 2953
3 2997 2953 3007
3 2986 2998 2990
3 2995 3023 3000
3 3015 3019 2995
3 3023 3034 2999
3 2995 3000 2998
3 3000 2999 3001
3 2999 3051 3052
3 3002 2991 2996
3 2987 3001 3002
3 3001 3052 4091
3 3052 3001 2999
3 3194 3201 3159
3 3036 3057 3063
3 2986 2997 3011
3 3110 3255 3181
3 3105 3132 3189
3 3194 3197 3190
3 3351 3340 3355
3 2953 2955 3008
3 3004 3029 3010
3 3012 3008 2946
3 3004 3007 3008
3 3057 3036 3055
3 3032 3014 3030
3 3004 3010 3007
3 3010 3009 3011
3 3016 3011 3009
3 2998 3015 2995
3 2947 3012 2946
3 3012 2919 3013
3 4090 3013 2919
3 3036 3013 2843
3 3016 3022 3014
3 3021 2995 3019
3 2986 3011 3015
3 3011 3016 3020
3 3025 3022 3016
3 3014 3017 3020
3 3022 3030 3014
3 2995 3021 3023
3 3025 3018 3022
3 3064 3018 3025
3 3015 3011 3020
3 3021 3019 3017
3 3014 3020 3016
3 3017 3019 3020
3 3014 3033 3017
3 3021 3017 3027
3 3025 3016 3009
3 3018 3162 3030
3 3046 3027 3048
3 3023 3021 3046
3 3041 3024 3039
3 3061 3082 3028
3 3029 3009 3010
3 3025 3009 3029
3 3180 3066 3018
3 3100 3317 3098
3 3014 3032 3033
3 3027 3024 3048
3 3045 3028 3034
3 3060 2991 4091
3 3036 3004 3013
3 3004 3036 3029
3 3018 3030 3022
3 3032 3030 3311
3 3101 3100 3043
3 3031 3039 3037
3 3311 3030 3026
3 3032 3031 3033
3 3037 3033 3031
3 3017 3033 3027
3 3021 3027 3046
3 3082 3083 3028
3 3024 3037 3039
3 3049 3035 3048
3 2843 3056 3055
3 3036 2843 3055
3 3039 3031 3038
3 3027 3037 3024
3 3237 3238 3311
3 3090 3069 3040
3 3042 3039 3038
3 3042 3041 3039
3 3095 3094 3040
3 3028 3045 3047
3 3049 3041 3062
3 3049 3048 3024
3 3038 3097 3095
3 3041 3042 3040
3 3043 3095 3097
3 3069 3054 3062
3 3061 3028 3047
3 3088 3204 3183
3 3046 3034 3023
3 3047 3045 3035
3 3035 3045 3046
3 3046 3045 3034
3 3071 3047 3067
3 3073 3053 3071
3 3049 3024 3041
3 3046 3048 3035
3 3069 3062 3041
3 3035 3049 3070
3 3161 3065 3160
3 3029 3063 3025
3 3083 3034 3028
3 3051 3044 3052
3 3060 3052 3044
3 3002 4091 2991
3 3070 3049 3062
3 3088 3183 3087
3 3090 3040 3094
3 3053 3061 3071
3 3056 2843 2820
3 3057 3055 3050
3 3058 3056 2820
3 3050 3055 3056
3 3050 3234 3161
3 3063 3064 3025
3 2820 2821 3059
3 2811 3161 3234
3 2814 3059 2813
3 2811 3058 3059
3 3083 3044 3051
3 3191 3185 3006
3 3070 3047 3035
3 3082 3061 3183
3 3069 3041 3040
3 3182 3070 3062
3 3036 3063 3029
3 3063 3057 3064
3 3057 3050 3160
3 3064 3180 3018
3 2802 3177 3176
3 3162 3026 3030
3 3066 3236 3165
3 3173 3315 3167
3 3078 3076 3115
3 3074 3072 3073
3 3087 3073 3086
3 3088 3195 3196
3 3091 3103 3054
3 3054 3103 3076
3 3182 3062 3054
3 3067 3047 3070
3 3047 3071 3061
3 3074 3073 3071
3 3086 3080 3081
3 3185 3104 3200
3 3074 3071 3067
3 3073 3072 3086
3 3076 3067 3182
3 3074 3067 3076
3 3072 3078 3080
3 3158 3186 3107
3 3091 3054 3069
3 3074 3078 3072
3 3069 3102 3091
3 3200 3189 3006
3 3076 3078 3074
3 3077 3128 3080
3 3089 3116 3130
3 3086 3081 3075
3 3077 3080 3078
3 3080 3079 3081
3 3121 3123 3077
3 3093 3116 3089
3 3183 3061 3053
3 3083 3068 3044
3 3083 3051 3034
3 3068 3083 3082
3 3084 3094 3098
3 3118 3085 3102
3 3256 3258 3260
3 3115 3077 3078
3 3086 3075 3087
3 3080 3086 3072
3 3075 3104 3185
3 3073 3087 3053
3 3075 3081 3104
3 3208 3209 3134
3 3351 3472 3340
3 3081 3079 3093
3 3042 3095 3040
3 3102 3090 3084
3 3102 3069 3090
3 3091 3085 3103
3 3377 3129 3139
3 3088 3087 3075
3 3126 3116 3093
3 3324 3186 3158
3 3098 3094 3043
3 3084 3090 3094
3 3038 3095 3042
3 3043 3094 3095
3 3101 3043 3097
3 3317 3242 3261
3 3031 3238 3239
3 3111 3097 3239
3 3100 3098 3043
3 3084 3098 3096
3 3162 3164 3026
3 3101 3117 3100
3 3111 3099 3215
3 3317 3318 3242
3 3097 3111 3101
3 3168 3237 3164
3 3084 3258 3118
3 3091 3102 3085
3 3120 3103 3085
3 3076 3103 3115
3 3093 3104 3081
3 3089 3130 3092
3 3131 3341 3422
3 3201 3191 3006
3 3118 3119 3085
3 3472 3506 3342
3 3200 3109 3189
3 3006 3185 3200
3 3220 3745 3484
3 3060 3251 2991
3 3155 3108 3201
3 3421 3131 3422
3 3133 3110 3829
3 3159 3197 3194
3 3239 3097 3038
3 3111 3215 3214
3 3410 3318 3412
3 3101 3214 3117
3 3119 3223 3216
3 3114 3119 3216
3 3119 3114 3120
3 3077 3115 3121
3 3120 3115 3103
3 3115 3120 3121
3 3126 3093 3079
3 3130 3116 3106
3 3112 3215 3312
3 3242 3318 3410
3 3084 3118 3102
3 3118 3113 3119
3 3124 3216 3219
3 3106 3116 3126
3 3119 3120 3085
3 3120 3114 3121
3 3124 3121 3114
3 3124 3123 3121
3 3119 3113 3254
3 3126 3129 3106
3 3129 3126 3218
3 3080 3128 3079
3 3124 3114 3216
3 3123 3124 3122
3 3339 3348 3335
3 3181 3187 3110
3 3128 3126 3079
3 3129 3123 3122
3 3473 3327 3380
3 3745 3220 3228
3 3077 3123 3128
3 3128 3123 3218
3 3350 3139 3220
3 3477 3135 3484
3 3267 3346 3137
3 3089 3105 2989
3 3358 3259 3473
3 3419 3525 3188
3 2989 3093 3089
3 3138 3245 3327
3 3139 3140 3220
3 3199 3342 3516
3 3250 2996 2991
3 3201 3108 3191
3 3350 3377 3139
3 3425 3245 3138
3 3122 3139 3129
3 3122 3219 3140
3 3134 3141 3208
3 3105 3189 3109
3 3754 3793 4122
3 3322 3134 3384
3 3139 3122 3140
3 3745 3380 3245
3 3263 3266 3221
3 3133 3193 3110
3 3254 3224 3225
3 3331 3333 3125
3 2844 2935 3142
3 2933 3142 2935
3 2854 3143 2852
3 2937 3143 2855
3 2939 3145 3144
3 3145 3146 3144
3 2973 3145 2939
3 3146 3145 2971
3 3147 3146 2971
3 3146 2863 3148
3 3270 3269 2966
3 2877 3233 2872
3 3148 2863 3149
3 2856 3144 3148
3 3149 2863 3150
3 2861 2862 3149
3 3147 3403 2863
3 3272 3403 3269
3 3319 3244 3277
3 3191 3195 3185
3 2968 3152 2966
3 3153 3152 2970
3 2983 3153 2963
3 3152 3153 2984
3 2974 3154 2972
3 2982 3154 2976
3 3210 3212 3213
3 3326 3190 4096
3 2997 3156 2953
3 2956 3156 2994
3 3000 3157 2979
3 3001 2987 3157
3 3191 3196 3195
3 3186 3005 3321
3 3068 3183 3204
3 3205 3209 3208
3 3161 3160 3050
3 3160 3065 3180
3 2811 3235 3161
3 3178 3176 3172
3 3018 3066 3162
3 3164 3162 3165
3 3165 3163 3164
3 3167 3171 3173
3 3165 3162 3066
3 3164 3163 3168
3 3066 3180 3236
3 3165 3166 3167
3 3174 3172 3166
3 3165 3167 3163
3 3171 3172 3169
3 3167 3166 3171
3 3315 3240 3313
3 3168 3312 3215
3 3177 3169 3176
3 3173 3722 3720
3 3960 2695 3996
3 3314 3112 3312
3 3172 3171 3166
3 3173 3171 3169
3 3236 3174 3166
3 3178 3175 2809
3 3177 3722 3169
3 4092 3315 3170
3 3065 3161 3174
3 3161 3235 3175
3 3172 3174 3175
3 3161 3175 3174
3 3169 3172 3176
3 3178 3172 3175
3 2800 3723 2802
3 3170 3719 3715
3 2810 3179 2809
3 2802 3176 3178
3 2803 2797 3179
3 3241 3179 2797
3 3180 3064 3057
3 3236 3180 3065
3 2981 2996 3107
3 3092 3346 3384
3 3076 3182 3054
3 3067 3070 3182
3 3082 3183 3068
3 3087 3183 3053
3 3380 4093 3343
3 3330 3231 3265
3 3092 3105 3089
3 3220 3484 3350
3 2989 3105 3109
3 3075 3185 3195
3 3189 3159 3006
3 3192 3003 3420
3 3346 3151 3384
3 3212 3248 3211
3 3191 3108 3196
3 3193 3424 3003
3 3538 3805 3812
3 3201 3006 3159
3 3249 3158 3248
3 3159 3669 3197
3 3322 3341 3131
3 3075 3195 3088
3 3105 3092 3134
3 3159 3189 3132
3 3667 3669 3132
3 3329 3202 3323
3 3155 3207 3108
3 3206 3204 3196
3 3135 3350 3484
3 3205 3502 3420
3 3192 3420 3502
3 3194 3155 3201
3 3506 3426 3246
3 3198 4095 4096
3 3322 3131 3141
3 3060 3044 3247
3 3200 2989 3109
3 3276 3232 3271
3 3295 3280 3279
3 3137 3346 3130
3 3196 3108 3206
3 3206 3207 2944
3 3134 3322 3141
3 3088 3196 3204
3 3255 3003 3192
3 3247 2944 3060
3 3667 3670 3668
3 3207 3206 3108
3 3204 3206 2944
3 3212 3207 3155
3 3207 3212 3211
3 3350 3135 3377
3 3670 3209 3205
3 3132 3105 3209
3 3134 3209 3105
3 3252 3213 3155
3 3252 3190 3326
3 3211 3248 3250
3 2944 3207 3211
3 3213 3212 3155
3 3212 3210 3248
3 3305 3298 3300
3 3213 3325 3210
3 3111 3214 3101
3 3112 3117 3214
3 3168 3215 3099
3 3112 3214 3215
3 3119 3254 3223
3 3216 3125 3219
3 3427 3340 3199
3 3193 3133 3424
3 3128 3218 3126
3 3123 3129 3218
3 3124 3219 3122
3 3125 3140 3219
3 3331 3223 3332
3 3184 3495 3265
3 3181 3355 3340
3 3181 3255 3385
3 3254 3113 3224
3 3223 3125 3216
3 3357 3470 3418
3 3230 3266 3263
3 3125 3333 3140
3 3259 3357 3418
3 3335 3343 4093
3 3221 3266 3227
3 3245 3380 3327
3 3217 3230 3263
3 3135 3202 3377
3 3334 3335 3332
3 3228 3220 3140
3 3217 3231 3230
3 3261 3260 3096
3 3133 3457 3672
3 3331 3125 3223
3 3364 3707 3365
3 3151 3346 3267
3 3266 3230 3344
3 3274 3271 2980
3 3291 3292 3297
3 2861 3150 3233
3 2872 3233 3150
3 3056 3234 3050
3 2811 3234 3058
3 2812 3235 2811
3 3175 3235 2809
3 3174 3236 3065
3 3165 3236 3166
3 3238 3237 3099
3 3164 3237 3026
3 3239 3238 3099
3 3031 3032 3311
3 3111 3239 3099
3 3031 3239 3038
3 3240 3312 3313
3 3314 3415 3112
3 2801 3241 2797
3 3178 3241 2802
3 3318 3100 3117
3 3256 3261 3217
3 3005 3186 3324
3 3252 3253 3665
3 3286 3287 3437
3 3277 3278 3275
3 3341 3505 3388
3 3831 3516 3520
3 3561 3537 3566
3 3323 3477 3471
3 3068 3247 3044
3 3204 2944 3247
3 3249 3248 3210
3 3250 3248 3158
3 3325 3213 3428
3 3278 3277 3281
3 3107 3250 3158
3 3251 3250 2991
3 2944 3251 3060
3 3250 3251 3211
3 3194 3252 3155
3 3252 3326 3253
3 3408 3458 3461
3 3290 3243 3285
3 3113 3257 3224
3 3257 3221 3224
3 3256 3257 3258
3 3359 3361 3474
3 3261 3242 3262
3 3349 3345 3354
3 3258 3257 3113
3 3380 3228 4093
3 3118 3258 3113
3 3258 3084 3260
3 3262 3265 3217
3 3263 3257 3256
3 3084 3096 3260
3 3096 3317 3261
3 3242 3410 3262
3 3256 3260 3261
3 3265 3262 3184
3 3262 3217 3261
3 3256 3217 3263
3 3265 3495 3330
3 3339 3354 3348
3 3332 3335 3328
3 3184 3262 3410
3 3221 3257 3263
3 3494 3416 3316
3 3322 3151 3341
3 3227 3224 3221
3 3137 3202 3503
3 3230 3231 3229
3 3421 3422 3355
3 2966 3152 3270
3 3269 3232 3272
3 3271 2984 2980
3 3232 3269 3270
3 2980 3275 3274
3 3232 3270 3271
3 3272 3232 3291
3 3150 3272 3297
3 2993 3277 3275
3 3276 3273 3285
3 3275 2980 2993
3 3274 3273 3276
3 2993 3319 3277
3 3273 3274 3275
3 3273 3282 3285
3 3243 3232 3276
3 3708 3709 3310
3 3273 3275 3278
3 3277 3283 3281
3 3293 3279 3281
3 3307 3435 3306
3 3282 3278 3279
3 3282 3279 3280
3 3273 3278 3282
3 3283 3277 3244
3 3281 3279 3278
3 3437 3431 3433
3 3282 3280 3285
3 3244 3286 3283
3 3005 3287 3286
3 3296 3297 3292
3 3294 3279 3293
3 3285 3280 3406
3 3292 3290 3404
3 3321 3286 3244
3 3005 3324 3287
3 3249 3210 3325
3 3436 3293 3281
3 3686 3298 3309
3 2911 3302 3490
3 3412 3318 3413
3 3406 3301 3302
3 3404 3290 2911
3 3232 3243 3291
3 3292 3291 3243
3 3290 3292 3243
3 3296 3292 2878
3 3436 3281 3283
3 3294 3293 3288
3 3294 3288 3300
3 3300 3298 3405
3 3294 3295 3279
3 3301 3295 3308
3 2887 3296 2878
3 3297 3296 2872
3 3150 3297 2872
3 3297 3272 3291
3 3437 3433 3436
3 3305 3307 3298
3 3310 3492 3493
3 3299 3301 3308
3 3288 3433 3305
3 3409 3686 3684
3 3295 3304 3308
3 3302 3301 3299
3 3302 3299 3490
3 3406 3290 3285
3 3249 3325 3429
3 3307 3309 3298
3 3310 3308 3708
3 3691 3405 3409
3 3288 3305 3300
3 3303 3435 3307
3 3429 3325 3430
3 3253 3440 3439
3 3303 3307 3305
3 3306 3468 3677
3 3677 3682 3309
3 3686 3405 3298
3 3306 3309 3307
3 3405 3294 3300
3 3412 3414 3410
3 3299 3308 3310
3 3237 3311 3026
3 3031 3311 3238
3 3313 3312 3168
3 3314 3312 3240
3 3168 3163 3313
3 3313 3163 3315
3 4092 3240 3315
3 3314 4092 3416
3 3167 3315 3163
3 3173 3170 3315
3 3718 3711 3734
3 3224 3227 3225
3 3098 3317 3096
3 3318 3317 3100
3 3412 3413 3411
3 3473 3348 3358
3 3320 3319 2993
3 3321 3319 2992
3 3320 2993 2980
3 2992 3320 2975
3 3321 2992 2981
3 3286 3321 3005
3 3453 3443 3445
3 3446 3203 4095
3 3510 3513 3426
3 3381 3510 3426
3 3158 3249 3324
3 3287 3324 3249
3 3428 3213 3665
3 3249 3429 3287
3 4096 3190 3197
3 3440 3326 3203
3 3225 3223 3254
3 3217 3265 3231
3 3202 3137 3377
3 3332 3328 3331
3 3230 3229 3476
3 3597 3581 3616
3 3332 3223 3225
3 3231 3330 3474
3 3331 3328 3333
3 3227 3334 3225
3 3332 3225 3334
3 4093 3333 3328
3 3228 3140 3333
3 3337 3338 3336
3 3339 3334 3337
3 3334 3227 3337
3 3334 3339 3335
3 3338 3266 3344
3 3346 3092 3130
3 3338 3337 3227
3 3337 3336 3339
3 3266 3338 3227
3 3369 3338 3367
3 3338 3344 3367
3 3259 3418 4121
3 3357 3268 3376
3 3351 3423 3472
3 3471 3347 3329
3 3503 3329 3830
3 3349 3336 3373
3 3474 3361 3229
3 3349 3339 3336
3 3351 3422 3423
3 3354 3339 3349
3 3371 3373 3369
3 3141 3421 3192
3 3335 3348 3343
3 3425 3138 3188
3 3421 3385 3192
3 3510 3511 3507
3 3831 3427 3199
3 3480 3388 3381
3 3137 3106 3377
3 3501 3712 3411
3 3330 3264 3359
3 3480 3426 3506
3 3353 3367 4120
3 3336 3338 3369
3 3480 3381 3426
3 3361 3368 3476
3 3352 3359 3362
3 3386 3374 3372
3 3354 3379 3268
3 3348 3354 3358
3 3188 3484 3425
3 3385 3421 3355
3 3380 3343 3473
3 3527 3531 3523
3 3188 3138 3419
3 3181 3427 3187
3 3379 3354 3345
3 3268 3358 3354
3 3498 3362 3359
3 3359 3352 3361
3 3495 3496 3264
3 4143 4094 3363
3 3475 3352 3693
3 3368 3367 3344
3 3498 3359 3264
3 3365 3360 3364
3 3360 3896 3897
3 3352 3362 3365
3 3704 3707 3363
3 3360 3365 3362
3 3707 3693 3365
3 3485 3706 3705
3 3489 3226 3487
3 3344 3476 3368
3 3367 3353 3369
3 3475 3361 3352
3 3367 3368 4120
3 3369 3353 3371
3 3336 3369 3373
3 3370 3371 3374
3 3370 3374 3386
3 3353 3882 3374
3 3371 3370 3373
3 3695 4120 3694
3 3375 3401 3396
3 3378 3373 3370
3 3345 3349 3373
3 3353 3374 3371
3 3392 3382 3386
3 3386 3400 3392
3 3379 3383 3376
3 3345 3373 3378
3 3747 3746 3399
3 3110 3193 3255
3 3106 3137 3130
3 3378 3370 3382
3 3383 3379 3345
3 3383 3345 3378
3 3356 3327 3473
3 3268 3379 3376
3 3356 4123 3327
3 3747 3470 3746
3 3340 3472 3199
3 3978 3971 3955
3 3378 3390 3383
3 3382 3390 3378
3 3402 3486 3488
3 3129 3377 3106
3 3505 3347 3381
3 3393 3397 3387
3 3422 3388 3480
3 3393 3387 3375
3 3382 3375 3390
3 3390 3375 3387
3 3399 3483 3397
3 3323 3135 3477
3 3137 3503 3267
3 3382 3392 3375
3 3398 3396 3394
3 3382 3370 3386
3 3390 3387 3483
3 3400 3386 3372
3 3483 3399 3383
3 3393 3396 3391
3 3401 3375 3392
3 3898 3397 3393
3 3394 3401 3402
3 3983 3740 3947
3 3749 3751 3972
3 3518 3511 3471
3 3375 3396 3393
3 3481 3697 3394
3 3898 3393 3391
3 3397 3395 3399
3 3151 3505 3341
3 3396 3398 3969
3 3134 3092 3384
3 3376 3383 3399
3 3699 3400 3372
3 3389 3402 3488
3 3402 3401 3392
3 3396 3401 3394
3 3486 3402 3392
3 3402 3389 3696
3 2863 3403 3150
3 3269 3403 3147
3 2912 3404 2911
3 3292 3404 2878
3 3304 3491 3708
3 3493 3492 1965
3 3301 3406 3280
3 3290 3406 3302
3 3490 3493 2914
3 3304 3294 3405
3 3502 3208 3141
3 3468 3462 3466
3 3491 3304 3691
3 3295 3294 3304
3 3414 3184 3410
3 3501 3411 3413
3 3413 3318 3117
3 3412 3411 3414
3 3117 3415 3413
3 3415 3314 3416
3 3497 3411 3884
3 3495 3414 3496
3 3112 3415 3117
3 3240 4092 3314
3 3500 3712 3714
3 3413 3415 3416
3 3728 3721 3727
3 3496 3499 3498
3 3187 3427 3478
3 3259 3268 3357
3 3422 3341 3388
3 3456 3452 3455
3 3181 3385 3355
3 3451 3668 3420
3 3135 3323 3202
3 3473 3259 3356
3 3322 3384 3151
3 3131 3421 3141
3 3246 3508 3342
3 3187 3478 3504
3 3447 3452 3463
3 3442 3443 3446
3 3255 3192 3385
3 3456 3420 3003
3 3511 3518 3507
3 3193 3003 3255
3 3323 3471 3329
3 3245 3425 3745
3 3428 3439 3438
3 3432 3303 3431
3 3430 3325 3428
3 3429 3430 3432
3 3438 3434 3430
3 3432 3431 3429
3 3433 3431 3303
3 3287 3429 3431
3 3434 3432 3430
3 3303 3432 3435
3 3305 3433 3303
3 3436 3433 3288
3 3438 3430 3428
3 3408 3462 3441
3 3432 3434 3435
3 3469 3435 3434
3 3293 3436 3288
3 3437 3436 3283
3 3286 3437 3283
3 3437 3287 3431
3 3439 3428 3253
3 3438 3439 3441
3 3253 3326 3440
3 3438 3441 3434
3 3443 3440 3203
3 3671 3441 3439
3 3671 3440 3453
3 3461 3462 3408
3 3442 3446 3448
3 3450 3459 3442
3 3203 4096 4095
3 3445 3443 3442
3 3420 3668 3205
3 3448 3449 3447
3 3464 3459 3450
3 3453 3445 3408
3 3203 3446 3443
3 3449 3448 3446
3 3463 3452 3672
3 3442 3448 3450
3 3449 3446 3444
3 3450 3448 3447
3 3455 3444 3451
3 3452 3449 3455
3 3672 3452 3424
3 3458 3408 3445
3 3451 3444 3666
3 3456 3424 3452
3 3456 3003 3424
3 3447 3449 3452
3 3671 3408 3441
3 3443 3453 3440
3 3464 3454 3459
3 3680 3681 3678
3 3444 3455 3449
3 3455 3451 3456
3 3451 3420 3456
3 3502 3141 3192
3 3541 3519 3515
3 3676 3673 3675
3 3459 3445 3442
3 3872 3874 3937
3 3454 3458 3459
3 3459 3458 3445
3 3464 3868 3872
3 3465 3468 3466
3 3454 3461 3458
3 3880 3941 3874
3 3942 3462 3461
3 3441 3462 3692
3 3932 3857 3674
3 3447 3463 3673
3 3447 3673 3450
3 3689 3685 3681
3 3685 3284 3678
3 3306 3677 3309
3 3467 3685 3689
3 3465 3677 3468
3 3940 3465 3466
3 3678 3681 3685
3 3306 3469 3468
3 3468 3469 3692
3 3435 3469 3306
3 3692 3469 3434
3 3905 3531 3538
3 3358 3268 3259
3 3427 3181 3340
3 3423 3506 3472
3 3505 3381 3388
3 3847 3634 3457
3 3399 3746 3376
3 3348 3473 3343
3 3231 3474 3229
3 3359 3474 3330
3 3701 3706 3700
3 3368 3361 3694
3 3230 3476 3344
3 3361 3476 3229
3 3470 3357 3376
3 3539 3538 3531
3 3518 3471 3522
3 3342 3517 3516
3 3187 3504 3829
3 4106 4103 3659
3 3422 3351 3355
3 3528 3517 3533
3 3390 3483 3383
3 3696 3394 3402
3 3982 3973 3980
3 3397 3483 3387
3 3845 3610 3841
3 3151 3267 3505
3 3372 3700 3699
3 3701 3366 3703
3 3392 3400 3486
3 3400 3699 3489
3 3400 3488 3486
3 3489 3485 3226
3 3389 3488 3487
3 3487 3488 3489
3 3400 3489 3488
3 3493 3299 3310
3 2914 2911 3490
3 3304 3405 3691
3 3709 3710 3289
3 2914 3493 1965
3 3310 3289 3492
3 3299 3493 3490
3 3713 3316 3715
3 3896 3360 3498
3 3495 3264 3330
3 3184 3414 3495
3 3496 3414 3497
3 3497 3499 3496
3 3414 3411 3497
3 3712 3494 3714
3 3362 3498 3360
3 3264 3496 3498
3 3742 3500 3741
3 3498 3499 3896
3 3494 3501 3416
3 3712 3500 3884
3 3416 3501 3413
3 3500 3714 3741
3 3208 3502 3205
3 3484 3188 3477
3 3503 3830 3267
3 3422 3480 3423
3 3472 3342 3199
3 3202 3329 3503
3 3506 3246 3342
3 3830 3505 3267
3 3480 3506 3423
3 3530 3522 3526
3 3426 3513 3514
3 3246 3426 3514
3 3517 3508 3479
3 3536 3542 3544
3 3520 3509 3567
3 3511 3381 3347
3 3507 3833 3513
3 3381 3511 3510
3 3347 3471 3511
3 3507 3518 3527
3 3519 3479 3508
3 3507 3513 3510
3 3513 3512 3514
3 3514 3512 3515
3 3246 3514 3519
3 3532 3833 3527
3 3549 3835 3546
3 3517 3342 3508
3 3516 3509 3520
3 3544 3542 3534
3 3516 3517 3509
3 3522 3471 3477
3 3531 3527 3530
3 3246 3519 3508
3 3514 3515 3519
3 3528 4099 3509
3 3478 3427 3832
3 3560 3561 3566
3 3528 3509 3517
3 3477 3525 3522
3 3525 3526 3522
3 3531 3526 3539
3 3532 3834 3833
3 3541 3536 3479
3 3534 3552 3553
3 3188 3525 3477
3 3525 3419 4097
3 4097 3138 3540
3 3794 4121 4122
3 3530 3518 3522
3 3523 3906 3527
3 3567 3529 3566
3 3479 3519 3541
3 3533 3544 3528
3 3578 3661 3662
3 3530 3526 3531
3 3527 3518 3530
3 4097 4098 3526
3 3754 3899 3752
3 3905 3812 3814
3 3833 3834 3512
3 3479 3533 3517
3 3479 3536 3533
3 3536 3521 3542
3 3559 3554 3553
3 3470 3747 3752
3 3828 3839 3585
3 3541 3515 3546
3 3521 3547 3542
3 3567 4099 3529
3 3567 3837 3520
3 3784 3775 3782
3 3563 3551 3575
3 3525 4097 3526
3 3538 3539 3535
3 4123 3356 3794
3 4098 3811 3539
3 3549 3521 3835
3 3536 3541 3835
3 3552 3547 3562
3 3546 3515 3548
3 3558 3571 3596
3 3544 3534 4099
3 3536 3544 3533
3 3564 3555 3556
3 3552 3534 3542
3 3512 3834 3515
3 3546 3543 3549
3 3565 3549 3551
3 3547 3565 3563
3 3814 3906 3905
3 3546 3548 3823
3 3587 3564 3558
3 3565 3547 3521
3 3550 3558 3564
3 3553 3554 3534
3 3822 3543 3821
3 3551 3599 3591
3 3547 3552 3542
3 3553 3552 3550
3 3563 3562 3547
3 4099 3554 3529
3 3550 3556 3553
3 3529 3554 3560
3 4115 4105 4116
3 3556 3559 3553
3 3563 3570 3562
3 3605 3614 3588
3 3588 3555 3569
3 3836 3632 3478
3 3572 3612 3603
3 3550 3562 3570
3 3555 3559 3556
3 3559 3604 3560
3 3559 3560 3554
3 3560 3557 3561
3 3580 3597 3616
3 3537 3561 3577
3 3592 3570 3563
3 3552 3562 3550
3 3569 3555 3564
3 3564 3556 3550
3 3549 3565 3521
3 3564 3587 3569
3 3563 3565 3551
3 3567 3566 3537
3 3560 3566 3529
3 3567 3537 3837
3 3567 3509 4099
3 3583 3588 3576
3 3598 3606 3619
3 3545 3838 3595
3 3570 3571 3558
3 3602 3586 3595
3 3550 3570 3558
3 3593 3571 3592
3 3558 3596 3587
3 3664 3659 3663
3 3576 3569 3587
3 3583 3578 3660
3 3623 3629 3621
3 3577 3561 3617
3 3591 3575 3551
3 3575 3594 3593
3 3612 3613 3582
3 3604 3605 3597
3 3617 3557 3580
3 3590 3577 3622
3 3578 3582 3524
3 3557 3597 3580
3 3598 3616 3579
3 3573 3615 3579
3 3612 3582 3576
3 3627 3626 3630
3 3616 3581 3579
3 3598 3619 3616
3 3623 3619 3606
3 3631 3584 3630
3 3616 3619 3580
3 3576 3582 3583
3 3620 3577 3617
3 3537 3577 3590
3 3756 3758 3750
3 3748 3753 3749
3 3588 3569 3576
3 3575 3592 3563
3 3662 3660 3578
3 3587 3603 3612
3 3660 3588 3583
3 3597 3605 3581
3 3568 3580 3619
3 3584 3836 3590
3 3836 3832 3590
3 3599 3551 3549
3 3586 3600 3607
3 3593 3592 3575
3 3570 3592 3571
3 3575 3591 3594
3 3594 3600 3593
3 3608 3591 3585
3 3607 3600 3601
3 3596 3838 3545
3 3838 3571 3602
3 3571 3593 3602
3 3603 3545 3572
3 3604 3557 3560
3 3597 3557 3604
3 3617 3580 3568
3 3457 3133 3847
3 3825 3549 3543
3 3585 3591 3599
3 3600 3594 3601
3 3593 3600 3602
3 3608 3594 3591
3 3608 3601 3594
3 3586 3602 3600
3 3587 3596 3603
3 3545 3603 3596
3 3614 3559 3555
3 3604 3614 3605
3 3573 3605 3588
3 3579 3581 3573
3 3573 3581 3605
3 3641 3606 3618
3 3809 3805 3780
3 3601 3136 3607
3 3840 3845 3841
3 3610 3843 3608
3 3757 3773 3760
3 3828 3825 3822
3 3601 3608 3843
3 3610 3585 3839
3 3613 3524 3582
3 3587 3612 3576
3 3559 3614 3604
3 3612 3572 3613
3 3588 3614 3555
3 3578 3524 3661
3 3617 3568 3620
3 3579 3618 3598
3 3588 3660 3573
3 3656 3639 3657
3 3557 3617 3561
3 3629 3623 3643
3 3664 3663 3615
3 3590 3622 3584
3 3619 3623 3628
3 3577 3620 3622
3 3654 3855 3636
3 3620 3637 3627
3 3628 3568 3619
3 3622 3620 3627
3 3623 3606 3643
3 3628 3653 3646
3 3648 3621 3629
3 3584 3622 3630
3 3582 3578 3583
3 3656 3658 3652
3 3636 3633 3635
3 3632 3504 3478
3 3637 3568 3628
3 3626 3627 3624
3 3653 3623 3621
3 3627 3628 3624
3 3641 3643 3606
3 3625 3639 3643
3 3627 3630 3622
3 3631 3630 3626
3 3635 3631 3626
3 3634 3847 3632
3 3584 3631 3632
3 3632 3631 3634
3 3626 3636 3635
3 3856 3871 3857
3 3635 3634 3631
3 3857 3932 3934
3 3636 3626 3624
3 3635 3633 3934
3 3640 3646 3655
3 3636 3624 3644
3 3568 3637 3620
3 3628 3627 3637
3 3663 3641 3618
3 3649 3643 3639
3 3618 3615 3663
3 3650 3655 3648
3 3676 3871 3869
3 3644 3654 3636
3 3618 3606 3598
3 3625 3643 3641
3 4109 3657 4108
3 3646 3644 3624
3 3574 3927 4101
3 3625 3659 4103
3 3648 3629 3649
3 3853 3849 3850
3 3645 4101 3927
3 3628 3646 3624
3 3653 3655 3646
3 3953 3928 3954
3 3867 3464 3450
3 3629 3643 3649
3 3650 3648 3645
3 3652 3649 3639
3 3645 3648 3649
3 3954 3931 4130
3 3650 3640 3655
3 3656 3652 3639
3 3645 3649 3652
3 3652 3651 4100
3 3623 3653 3628
3 3655 3653 3621
3 3646 3640 3644
3 3654 3644 3647
3 3648 3655 3621
3 3931 3848 4130
3 3639 3625 3657
3 3652 3658 3651
3 3660 3866 3573
3 3656 3657 4109
3 3641 3659 3625
3 3656 3638 3658
3 4114 4106 4113
3 3615 3618 3579
3 3642 3662 3661
3 3615 3866 3664
3 3662 3664 3866
3 3641 3663 3659
3 4110 3662 3642
3 4112 4104 4114
3 3252 3665 3213
3 3253 3428 3665
3 4095 3666 3444
3 3666 3198 3667
3 3669 3667 3198
3 3132 3209 3670
3 3451 3666 3668
3 3667 3668 3666
3 3197 3669 3198
3 3132 3669 3159
3 3668 3670 3205
3 3132 3670 3667
3 3440 3671 3439
3 3408 3671 3453
3 3133 3672 3424
3 3457 3463 3672
3 3932 3674 3933
3 3463 3675 3673
3 3850 3654 3647
3 3673 3676 3867
3 3933 3463 3457
3 3675 3674 3676
3 3855 3850 3852
3 3865 3868 3869
3 3465 3680 3677
3 3677 3680 3682
3 3465 3681 3680
3 3682 3684 3686
3 3284 3687 3678
3 3679 3688 3684
3 3689 3878 3467
3 3682 3680 3678
3 3937 3874 3454
3 3684 3687 3683
3 3682 3678 3687
3 3687 3284 3683
3 3409 3684 3688
3 3679 3684 3683
3 3686 3409 3405
3 3284 3685 3467
3 3682 3686 3309
3 3679 3407 3688
3 3687 3684 3682
3 3690 3407 3491
3 3880 3689 3940
3 3454 3941 3461
3 3409 3688 3690
3 3407 3690 3688
3 3409 3690 3691
3 3491 3691 3690
3 3441 3692 3434
3 3462 3468 3692
3 3365 3693 3352
3 3366 3475 3693
3 3361 3475 3694
3 3694 3475 3695
3 3475 3366 3701
3 3695 3700 3882
3 3389 3481 3696
3 3394 3696 3481
3 3394 3697 3398
3 3481 3222 3697
3 3372 3882 3700
3 3978 3955 3956
3 3489 3699 3485
3 3701 3700 3695
3 3485 3699 3700
3 3475 3701 3695
3 3703 3366 3704
3 3705 3703 3702
3 3702 3703 3704
3 3706 3703 3705
3 3707 3704 3366
3 3702 3704 3363
3 3702 3226 3705
3 3485 3705 3226
3 3700 3706 3485
3 3701 3703 3706
3 3693 3707 3366
3 3707 3364 4143
3 3304 3708 3308
3 3709 3708 3491
3 3710 3491 3407
3 3310 3709 3289
3 3501 3494 3712
3 3491 3710 3709
3 3713 3715 3885
3 3494 3713 3714
3 3316 4092 3715
3 3713 3711 3714
3 3711 3718 3714
3 3716 4127 3718
3 3720 3719 3170
3 3719 3721 3715
3 3711 3713 3885
3 3890 3744 3896
3 3722 3723 3727
3 3717 3727 3721
3 3721 3732 3734
3 3891 3738 3739
3 3720 3170 3173
3 3721 3719 3717
3 3173 3169 3722
3 3717 3719 3720
3 3725 3727 3723
3 3728 3732 3721
3 3723 3722 3177
3 3717 3720 3722
3 2802 3723 3177
3 3723 2800 3725
3 2800 3726 3725
3 3735 3737 3716
3 2801 3886 2800
3 3727 3725 3724
3 3962 4126 2789
3 3731 3733 3729
3 3727 3724 3728
3 3727 3717 3722
3 3728 3724 3731
3 3732 3731 3993
3 3724 3733 3731
3 3983 3733 3740
3 3738 3995 3417
3 3735 3718 3734
3 3733 3724 3726
3 3731 3729 3993
3 3731 3732 3728
3 3734 3732 3730
3 3726 3740 3733
3 3991 3883 3888
3 3734 3730 3735
3 3734 3711 3885
3 3985 3729 3983
3 3718 3735 3716
3 3985 3983 3986
3 3948 3738 3737
3 3992 3735 3730
3 3890 3499 3889
3 3967 3966 3893
3 2628 4013 4009
3 3738 3417 3739
3 3744 4142 3897
3 3887 3740 3726
3 3986 3987 3988
3 3718 3741 3714
3 3894 4127 3891
3 3892 3894 3891
3 3499 3497 3889
3 3738 3891 3716
3 3716 3737 3738
3 3484 3745 3425
3 3745 3228 3380
3 3747 3399 3395
3 3470 3376 3746
3 3749 3395 3751
3 3395 3749 3747
3 3753 3756 3750
3 3418 3470 3899
3 3397 3898 3395
3 3753 3752 3747
3 3751 3898 3968
3 3760 3754 3900
3 3222 3946 3956
3 3697 3222 3398
3 3753 3747 3749
3 3750 3900 3752
3 3976 3756 3753
3 3750 3752 3753
3 3758 3760 3900
3 4121 3794 3356
3 3759 3755 3762
3 3771 3757 3765
3 3976 3753 3748
3 3759 3758 3756
3 3759 3757 3758
3 3802 3790 3901
3 3759 3756 3755
3 3758 3757 3760
3 3762 3767 3761
3 3759 3766 3765
3 3757 3771 3773
3 3792 3760 3773
3 3769 3774 3779
3 3759 3765 3757
3 3755 3977 3767
3 3766 3762 3761
3 3772 3763 3766
3 3768 3790 3789
3 3976 3975 3977
3 4004 4006 4003
3 3766 3759 3762
3 3763 3786 3771
3 3774 3772 3766
3 3765 3766 3763
3 3755 3767 3762
3 3770 3767 3764
3 3782 3772 3769
3 3804 3806 3791
3 3770 3776 3767
3 3777 3772 3782
3 3923 3609 3918
3 3772 3774 3769
3 3763 3771 3765
3 3771 3768 3773
3 3774 3766 3761
3 3769 3808 3782
3 3789 3773 3768
3 3791 3773 3789
3 3761 3776 3774
3 3774 3776 3779
3 3785 3797 3799
3 3763 3772 3777
3 3767 3776 3761
3 3787 3779 3776
3 3797 3777 3775
3 3763 3777 3786
3 4001 3482 4002
3 3808 4124 3951
3 3787 3776 3770
3 4019 4125 3787
3 3768 3771 3786
3 3535 3804 3538
3 3807 3794 3781
3 3792 3793 3760
3 3784 3782 3808
3 3775 3777 3782
3 3770 4017 3787
3 3790 3802 3809
3 3778 4029 4031
3 3784 3903 3783
3 3783 3775 3784
3 3812 3805 3813
3 3797 3786 3777
3 3785 3901 3803
3 3770 4004 4017
3 4019 4022 3778
3 4017 4038 4020
3 3903 3784 3951
3 3768 3786 3803
3 3791 3789 3780
3 3801 3802 3901
3 3780 3789 3790
3 3804 3791 3780
3 3791 3781 3792
3 3791 3792 3773
3 3793 3792 3781
3 3781 3794 3793
3 3760 3793 3754
3 3807 3781 3806
3 3138 4123 3540
3 3951 4124 3796
3 3904 3913 3914
3 3815 3842 3826
3 3779 4125 4124
3 3902 3799 3797
3 3786 3797 3785
3 3798 3799 3902
3 3785 3799 3801
3 3902 3797 3775
3 3911 3912 3798
3 3585 3610 3608
3 3816 3819 3810
3 3912 3799 3798
3 3801 3800 3802
3 3816 3810 3813
3 3805 3538 3804
3 3785 3803 3786
3 3790 3768 3803
3 3804 3780 3805
3 3806 3804 3535
3 3809 3780 3790
3 3824 3532 3906
3 3806 3811 3807
3 3781 3791 3806
3 3811 3806 3535
3 4123 3807 3540
3 4124 3769 3779
3 3778 4125 4019
3 3810 3812 3813
3 3816 3813 3817
3 3810 3820 3824
3 3539 3811 3535
3 3540 3807 3811
3 3813 3805 3809
3 3812 3810 3814
3 3802 3817 3809
3 3817 3815 3816
3 3810 3819 3820
3 3527 3906 3532
3 3601 3843 3136
3 3599 3828 3585
3 3813 3809 3817
3 3819 3815 3818
3 3802 3800 3817
3 3817 3800 3844
3 3826 3822 3818
3 3820 3821 3823
3 3815 3819 3816
3 3820 3819 3818
3 3821 3820 3818
3 3824 3820 3548
3 3822 3821 3818
3 3823 3821 3543
3 3826 3818 3815
3 3825 3828 3599
3 3546 3823 3543
3 3820 3823 3548
3 3824 3548 3834
3 3810 3824 3814
3 3549 3825 3599
3 3543 3822 3825
3 3839 3841 3610
3 3839 3828 3826
3 3909 3908 3840
3 3913 3783 3914
3 3822 3826 3828
3 3845 3925 3610
3 3187 3829 3110
3 3847 3829 3504
3 3329 3347 3830
3 3505 3830 3347
3 3516 3831 3199
3 3832 3831 3520
3 3831 3832 3427
3 3832 3520 3837
3 3513 3833 3512
3 3527 3833 3507
3 3824 3834 3532
3 3515 3834 3548
3 3536 3835 3521
3 3546 3835 3541
3 3632 3836 3584
3 3832 3836 3478
3 3537 3590 3837
3 3832 3837 3590
3 3571 3838 3596
3 3595 3838 3602
3 3926 3844 3846
3 3841 3839 3842
3 3926 3846 3840
3 3839 3826 3842
3 3845 3908 3910
3 3844 3842 3815
3 3841 3842 3926
3 3817 3844 3815
3 3907 3136 3843
3 3844 3800 3846
3 3908 3845 3840
3 3925 3845 3611
3 3801 3799 3912
3 3916 3913 3904
3 3829 3847 3133
3 3632 3847 3504
3 3930 3650 3928
3 3644 3640 3647
3 3640 3930 3647
3 3855 3852 3633
3 3850 3849 3852
3 3952 3650 3927
3 3927 3650 3645
3 3859 3852 3849
3 3852 3859 3857
3 3953 3850 3647
3 3854 3862 3861
3 3865 3936 3863
3 3859 3860 3936
3 3636 3855 3633
3 3850 3855 3654
3 3858 3935 3853
3 3865 3869 3936
3 3933 3674 3675
3 3633 3852 3857
3 3861 3862 3858
3 3859 3849 3935
3 3857 3859 3856
3 3935 3849 3853
3 3860 3862 3863
3 3863 3862 3854
3 3858 3848 3861
3 3862 3860 3935
3 3127 3875 3864
3 3460 3878 3879
3 3863 3864 3875
3 3863 3854 3864
3 3868 3464 3867
3 3573 3866 3615
3 3662 3866 3660
3 3673 3867 3450
3 3868 3867 3676
3 3869 3868 3676
3 3127 3877 3939
3 3871 3676 3674
3 3869 3856 3936
3 3872 3868 3873
3 3876 3939 3943
3 3857 3871 3674
3 3856 3869 3871
3 3873 3868 3865
3 3873 3876 3872
3 3875 3873 3865
3 3880 3879 3689
3 3938 3874 3872
3 3945 3881 3879
3 3863 3875 3865
3 3939 3873 3875
3 3943 3939 3870
3 3881 3943 3944
3 3877 3870 3939
3 3879 3878 3689
3 3938 3881 3945
3 3940 3689 3681
3 3942 3461 3941
3 3460 3879 3881
3 3879 3880 3945
3 3374 3882 3372
3 4120 3882 3353
3 3970 3751 3968
3 3968 3969 3955
3 3712 3884 3411
3 3742 3884 3500
3 3715 3721 3885
3 3734 3885 3721
3 3887 3886 2794
3 2800 3886 3726
3 3886 3887 3726
3 4126 2794 2789
3 3990 3991 3995
3 3995 3738 3948
3 3497 3742 3889
3 3889 3742 3890
3 3894 3892 3893
3 3744 3890 3966
3 3743 3892 3739
3 3739 3892 3891
3 3743 3893 3892
3 4127 3895 3741
3 3966 2509 3744
3 3895 3890 3742
3 3895 3894 3893
3 3894 3895 4127
3 3890 3895 3893
3 3741 3895 3742
3 3890 3896 3499
3 3897 3896 3744
3 4142 3744 2509
3 3364 3360 3897
3 3968 3898 3391
3 3395 3898 3751
3 3752 3899 3470
3 4122 3899 3754
3 3752 3900 3754
3 3758 3900 3750
3 3803 3901 3790
3 3801 3901 3785
3 3775 3783 3902
3 3798 3902 3783
3 3903 3923 3918
3 3919 3920 3916
3 3920 3917 3827
3 3911 3916 3909
3 3531 3905 3523
3 3812 3905 3538
3 3905 3906 3523
3 3824 3906 3814
3 3840 3846 3909
3 3925 3907 3843
3 3845 3910 3611
3 3911 3909 3846
3 3916 3911 3913
3 3912 3846 3800
3 3908 3827 3910
3 3913 3911 3798
3 3846 3912 3911
3 3800 3801 3912
3 3783 3913 3798
3 3904 3918 3922
3 3783 3903 3914
3 3918 3904 3914
3 3827 3908 3920
3 3916 3920 3909
3 3919 3904 3915
3 4128 3923 3903
3 3903 3918 3914
3 3919 3915 3917
3 3904 3922 3915
3 3904 3919 3916
3 3909 3920 3908
3 3919 3917 3920
3 4031 4034 4129
3 4128 3903 3796
3 3924 3609 3923
3 3918 3609 3922
3 3907 3925 3611
3 4128 3924 3923
3 3610 3925 3843
3 3841 3926 3840
3 3844 3926 3842
3 3928 3650 3952
3 3954 3952 3851
3 3650 3930 3640
3 4130 3848 3858
3 3927 3574 3929
3 3953 3930 3928
3 4130 3853 3953
3 3954 3851 3931
3 3457 3634 3932
3 3934 3932 3634
3 3463 3933 3675
3 3457 3932 3933
3 3635 3934 3634
3 3857 3934 3633
3 3862 3935 3858
3 3859 3935 3860
3 3859 3936 3856
3 3863 3936 3860
3 3454 3464 3937
3 3872 3937 3464
3 3872 3876 3938
3 3938 3876 3943
3 3873 3939 3876
3 3127 3939 3875
3 3465 3940 3681
3 3942 3940 3466
3 3874 3941 3454
3 3942 3941 3880
3 3940 3942 3880
3 3942 3466 3462
3 3881 3944 3460
3 3938 3943 3881
3 3880 3874 3945
3 3943 3870 3944
3 3938 3945 3874
3 3740 2795 3947
3 3993 3990 3992
3 3949 3947 2795
3 4013 2628 2692
3 2697 3997 2793
3 3736 3949 2795
3 3992 3737 3735
3 3808 3951 3784
3 3893 3743 3967
3 3796 3903 3951
3 3927 3929 3952
3 3851 3952 3929
3 3850 3953 3853
3 3953 3647 3930
3 3952 3954 3928
3 3222 3956 3398
3 3978 3979 3957
3 3946 3979 3978
3 3969 3956 3955
3 3748 3972 3975
3 3749 3972 3748
3 4008 4009 4013
3 3958 4007 3960
3 2695 3960 3998
3 2695 3961 3963
3 3736 3965 3949
3 3736 2795 3962
3 3962 2795 4126
3 3999 2791 3964
3 3736 3962 3963
3 2695 3998 3961
3 3964 3965 3961
3 2503 3949 3965
3 3893 3966 3890
3 2509 3966 3950
3 3743 3950 3967
3 3966 3967 3950
3 3969 3968 3391
3 3970 3968 3955
3 3396 3969 3391
3 3956 3969 3398
3 3970 3955 3971
3 3751 3970 3972
3 3973 3971 3957
3 3975 3972 3974
3 3971 3974 3970
3 3970 3974 3972
3 3979 3980 3957
3 4000 3982 3980
3 3971 3973 3974
3 3975 3973 4134
3 3973 3975 3974
3 3977 3755 3976
3 3756 3976 3755
3 3748 3975 3976
3 4134 3977 3975
3 3977 3764 3767
3 3946 3978 3956
3 3971 3978 3957
3 3946 3698 3979
3 3980 3979 3698
3 3482 4001 3981
3 3973 3957 3980
3 4001 3982 4000
3 3698 3981 4000
3 3973 3982 4005
3 3983 3947 3986
3 3729 3733 3983
3 3987 3986 3947
3 3984 3883 3988
3 3986 3988 3985
3 3990 3985 3991
3 3987 3947 3949
3 3987 3989 3988
3 3989 2503 3984
3 3949 3989 3987
3 2503 3989 3949
3 3994 3991 3985
3 3988 3989 3984
3 3992 3990 3948
3 3729 3985 3990
3 3985 3988 3994
3 3995 3991 3888
3 3737 3992 3948
3 3993 3992 3730
3 3993 3730 3732
3 3990 3993 3729
3 3988 3883 3994
3 3883 3991 3994
3 3417 3995 3888
3 3990 3995 3948
3 3996 2695 3997
3 3958 3996 2696
3 3963 3997 2695
3 2698 3997 2697
3 3964 3961 3999
3 3999 3998 2791
3 3998 3999 3961
3 3698 4000 3980
3 4001 4000 3981
3 4003 4038 4004
3 4003 3982 4001
3 4027 4030 4039
3 4001 4002 4003
3 4024 4025 3788
3 3770 4006 4004
3 4002 4038 4003
3 4006 3764 4005
3 4005 3764 4134
3 3982 4003 4005
3 3764 4006 3770
3 4003 4006 4005
3 4007 3958 4008
3 4014 2692 2791
3 4131 3958 2694
3 4008 3959 4009
3 4012 4010 4011
3 4011 3959 4132
3 4012 4011 2637
3 4010 4009 4011
3 4016 4012 4015
3 2628 4009 4010
3 2692 4007 4013
3 2630 4010 4012
3 4013 4007 4008
3 3998 4014 2791
3 3960 4007 4014
3 2639 4015 2637
3 4016 4015 2632
3 2632 2645 4016
3 2630 4016 2645
3 3787 4017 4019
3 4025 4002 3482
3 4023 4020 4018
3 4017 4004 4038
3 4020 4019 4017
3 4024 4021 4023
3 4019 4020 4022
3 4026 4028 3788
3 4027 4034 4031
3 4023 4022 4020
3 4030 4033 4039
3 4024 4023 4018
3 4022 4023 4021
3 4038 4025 4018
3 4033 4021 4035
3 4033 4035 4032
3 4018 4025 4024
3 3788 4028 4024
3 3778 4022 4029
3 4029 4022 4030
3 4021 4024 4028
3 4030 4022 4021
3 4031 4029 4027
3 4030 4021 4033
3 4027 4029 4030
3 4039 4034 4027
3 4124 4031 3796
3 4035 4021 4028
3 4026 4035 4028
3 4034 4039 3795
3 4128 4129 3921
3 4129 4037 3921
3 4026 3 4035
3 4032 4035 4135
3 4025 4038 4002
3 4032 4036 4039
3 4034 3795 4037
3 4020 4038 4018
3 4032 4039 4033
3 3795 4039 4036
3 96 4040 97
3 4041 4040 41
3 67 4041 41
3 4041 64 179
3 285 4042 204
3 316 4042 248
3 258 4043 257
3 248 4043 259
3 273 4044 272
3 280 4044 265
3 289 4045 291
3 332 4045 237
3 399 4046 358
3 389 4046 387
3 4047 4048 4049
3 4049 4048 486
3 403 4048 4047
3 486 477 4049
3 4049 477 407
3 561 4050 553
3 566 4050 562
3 4051 4053 4054
3 658 4057 4051
3 650 4052 649
3 4053 4052 642
3 655 4053 1357
3 4052 4053 4051
3 655 1361 4054
3 4054 1361 4055
3 1361 1128 4055
3 4056 4055 1128
3 1130 4056 1128
3 667 4056 664
3 4057 658 659
3 4052 4057 649
3 753 4058 752
3 757 4058 759
3 736 4059 834
3 1016 4059 751
3 4138 4137 157
3 4138 1145 4139
3 940 4061 881
3 4140 4060 4139
3 955 4062 921
3 4062 958 1528
3 1124 4063 947
3 968 4063 1286
3 1158 4064 1159
3 1530 4064 1154
3 4064 4065 1159
3 1529 4065 1305
3 1324 4066 1325
3 1610 4066 1328
3 1236 4067 1395
3 1568 4067 1270
3 4068 1641 1552
3 1757 4068 1642
3 1749 4069 1637
3 2149 4069 1541
3 1679 4070 1683
3 1804 4070 1802
3 1814 4071 1805
3 1962 4071 1816
3 1841 4073 1837
3 1839 4073 1844
3 4073 4074 1837
3 1838 2122 4141
3 2118 4074 1839
3 4075 4074 2120
3 4076 4075 1785
3 1785 4072 4076
3 4076 4072 4077
3 4141 4072 1838
3 1837 4077 4141
3 1919 4078 1921
3 1924 4078 1923
3 2037 4079 2120
3 2038 4079 2115
3 1785 4080 2121
3 2120 4080 4075
3 4081 2257 2266
3 2354 4081 2248
3 2231 2309 4082
3 2309 2310 4084
3 2309 4084 4082
3 4084 4083 4082
3 1732 4084 2310
3 2335 4086 2326
3 2461 4085 2316
3 2330 4086 2338
3 2393 2394 4087
3 4088 4087 2394
3 2521 4088 2394
3 4088 2484 2489
3 2344 4089 1970
3 2410 4089 2241
3 3013 4090 2843
3 2945 4090 2919
3 3001 4091 3002
3 3060 4091 3052
3 3715 4092 3170
3 3416 4092 3316
3 3333 4093 3228
3 3335 4093 3328
3 3666 4095 3198
3 4142 3364 3897
3 3446 4095 3444
3 3326 4096 3203
3 3198 4096 3197
3 3138 4097 3419
3 3540 3811 4098
3 3526 4098 3539
3 3540 4098 4097
3 3544 4099 3528
3 3554 4099 3534
3 3652 4101 3645
3 4100 4101 3652
3 3574 4101 4100
3 4106 3659 4107
3 4103 3657 3625
3 3657 4103 4108
3 4118 4111 4109
3 4111 3638 4109
3 4103 4116 4108
3 4112 4114 4113
3 4107 3659 3664
3 4106 4107 4113
3 4110 4107 3664
3 4110 3589 4113
3 4116 4103 4106
3 4109 4108 4105
3 4109 4105 4118
3 3656 4109 3638
3 3662 4110 3664
3 3642 3589 4110
3 4119 4102 4118
3 4113 3589 4112
3 4110 4113 4107
3 4115 4114 4104
3 4119 4117 4
3 4116 4114 4115
3 4118 4102 4111
3 4108 4116 4105
3 4106 4114 4116
3 4105 4115 4118
3 4115 4104 4117
3 4115 4117 4119
3 3694 4120 3368
3 4115 4119 4118
3 3882 4120 3695
3 3259 4121 3356
3 4122 4121 3418
3 4122 3418 3899
3 3794 4122 3793
3 4123 3138 3327
3 3807 4123 3794
3 4124 3808 3769
3 4031 4124 3778
3 4125 3779 3787
3 3778 4124 4125
3 3740 4126 2795
3 2794 4126 3887
3 3718 4127 3741
3 3891 4127 3716
3 3796 4031 4129
3 3924 4128 3921
3 4037 4129 4034
3 3796 4129 4128
3 3853 4130 3858
3 3954 4130 3953
3 2691 4131 2694
3 4132 4131 2640
3 2640 2641 4133
3 4132 2637 4011
3 2637 4133 2639
3 2640 4133 4132
3 4005 4134 3973
3 3977 4134 3764
3 963 4136 940
3 4035 3 4135
3 4137 4136 930
3 157 1145 4138
3 4136 4137 4060
3 4139 1145 888
3 888 887 4140
3 4060 4138 4139
3 4061 4140 920
3 888 4140 4139
3 1837 4141 1840
3 4072 4141 4077
3 2509 4094 4142
3 4142 4094 4143
3 3707 4143 3363
3 4142 4143 3364

CELL_TYPES 8021
5
5
5
5
5
5
5
5
5
5
5
5
5
5
5
5
5
5
5
5
5
5
5
5
5
5
5
5
5
5
5
5
5
5
5
5
5
5
5
5
5
5
5
5
5
5
5
5
5
5
5
5
5
5
5
5
5
5
5
5
5
5
5
5
5
5
5
5
5
5
5
5
5
5
5
5
5
5
5
5
5
5
5
5
5
5
5
5
5
5
5
5
5
5
5
5
5
5
5
5
5
5
5
5
5
5
5
5
5
5
5
5
5
5
5
5
5
5
5
5
5
5
5
5
5
5
5
5
5
5
5
5
5
5
5
5
5
5
5
5
5
5
5
5
5
5
5
5
5
5
5
5
5
5
5
5
5
5
5
5
5
5
5
5
5
5
5
5
5
5
5
5
5
5
5
5
5
5
5
5
5
5
5
5
5
5
5
5
5
5
5
5
5
5
5
5
5
5
5
5
5
5
5
5
5
5
5
5
5
5
5
5
5
5
5
5
5
5
5
5
5
5
5
5
5
5
5
5
5
5
5
5
5
5
5
5
5
5
5
5
5
5
5
5
5
5
5
5
5
5
5
5
5
5
5
5
5
5
5
5
5
5
5
5
5
5
5
5
5
5
5
5
5
5
5
5
5
5
5
5
5
5
5
5
5
5
5
5
5
5
5
5
5
5
5
5
5
5
5
5
5
5
5
5
5
5
5
5
5
5
5
5
5
5
5
5
5
5
5
5
5
5
5
5
5
5
5
5
5
5
5
5
5
5
5
5
5
5
5
5
5
5
5
5
5
5
5
5
5
5
5
5
5
5
5
5
5
5
5
5
5
5
5
5
5
5
5
5
5
5
5
5
5
5
5
5
5
5
5
5
5
5
5
5
5
5
5
5
5
5
5
5
5
5
5
5
5
5
5
5
5
5
5
5
5
5
5
5
5
5
5
5
5
5
5
5
5
5
5
5
5
5
5
5
5
5
5
5
5
5
5
5
5
5
5
5
5
5
5
5
5
5
5
5
5
5
5
5
5
5
5
5
5
5
5
5
5
5
5
5
5
5
5
5
5
5
5
5
5
5
5
5
5
5
5
5
5
5
5
5
5
5
5
5
5
5
5
5
5
5
5
5
5
5
5
5
5
5
5
5
5
5
5
5
5
5
5
5
5
5
5
5
5
5
5
5
5
5
5
5
5
5
5
5
5
5
5
5
5
5
5
5
5
5
5
5
5
5
5
5
5
5
5
5
5
5
5
5
5
5
5
5
5
5
5
5
5
5
5
5
5
5
5
5
5
5
5
5
5
5
5
5
5
5
5
5
5
5
5
5
5
5
5
5
5
5
5
5
5
5
5
5
5
5
5
5
5
5
5
5
5
5
5
5
5
5
5
5
5
5
5
5
5
5
5
5
5
5
5
5
5
5
5
5
5
5
5
5
5
5
5
5
5
5
5
5
5
5
5
5
5
5
5
5
5
5
5
5
5
5
5
5
5
5
5
5
5
5
5
5
5
5
5
5
5
5
5
5
5
5
5
5
5
5
5
5
5
5
5
5
5
5
5
5
5
5
5
5
5
5
5
5
5
5
5
5
5
5
5
5
5
5
5
5
5
5
5
5
5
5
5
5
5
5
5
5
5
5
5
5
5
5
5
5
5
5
5
5
5
5
5
5
5
5
5
5
5
5
5
5
5
5
5
5
5
5
5
5
5
5
5
5
5
5
5
5
5
5
5
5
5
5
5
5
5
5
5
5
5
5
5
5
5
5
5
5
5
5
5
5
5
5
5
5
5
5
5
5
5
5
5
5
5
5
5
5
5
5
5
5
5
5
5
5
5
5
5
5
5
5
5
5
5
5
5
5
5
5
5
5
5
5
5
5
5
5
5
5
5
5
5
5
5
5
5
5
5
5
5
5
5
5
5
5
5
5
5
5
5
5
5
5
5
5
5
5
5
5
5
5
5
5
5
5
5
5
5
5
5
5
5
5
5
5
5
5
5
5
5
5
5
5
5
5
5
5
5
5
5
5
5
5
5
5
5
5
5
5
5
5
5
5
5
5
5
5
5
5
5
5
5
5
5
5
5
5
5
5
5
5
5
5
5
5
5
5
5
5
5
5
5
5
5
5
5
5
5
5
5
5
5
5
5
5
5
5
5
5
5
5
5
5
5
5
5
5
5
5
5
5
5
5
5
5
5
5
5
5
5
5
5
5
5
5
5
5
5
5
5
5
5
5
5
5
5
5
5
5
5
5
5
5
5
5
5
5
5
5
5
5
5
5
5
5
5
5
5
5
5
5
5
5
5
5
5
5
5
5
5
5
5
5
5
5
5
5
5
5
5
5
5
5
5
5
5
5
5
5
5
5
5
5
5
5
5
5
5
5
5
5
5
5
5
5
5
5
5
5
5
5
5
5
5
5
5
5
5
5
5
5
5
5
5
5
5
5
5
5
5
5
5
5
5
5
5
5
5
5
5
5
5
5
5
5
5
5
5
5
5
5
5
5
5
5
5
5
5
5
5
5
5
5
5
5
5
5
5
5
5
5
5
5
5
5
5
5
5
5
5
5
5
5
5
5
5
5
5
5
5
5
5
5
5
5
5
5
5
5
5
5
5
5
5
5
5
5
5
5
5
5
5
5
5
5
5
5
5
5
5
5
5
5
5
5
5
5
5
5
5
5
5
5
5
5
5
5
5
5
5
5
5
5
5
5
5
5
5
5
5
5
5
5
5
5
5
5
5
5
5
5
5
5
5
5
5
5
5
5
5
5
5
5
5
5
5
5
5
5
5
5
5
5
5
5
5
5
5
5
5
5
5
5
5
5
5
5
5
5
5
5
5
5
5
5
5
5
5
5
5
5
5
5
5
5
5
5
5
5
5
5
5
5
5
5
5
5
5
5
5
5
5
5
5
5
5
5
5
5
5
5
5
5
5
5
5
5
5
5
5
5
5
5
5
5
5
5
5
5
5
5
5
5
5
5
5
5
5
5
5
5
5
5
5
5
5
5
5
5
5
5
5
5
5
5
5
5
5
5
5
5
5
5
5
5
5
5
5
5
5
5
5
5
5
5
5
5
5
5
5
5
5
5
5
5
5
5
5
5
5
5
5
5
5
5
5
5
5
5
5
5
5
5
5
5
5
5
5
5
5
5
5
5
5
5
5
5
5
5
5
5
5
5
5
5
5
5
5
5
5
5
5
5
5
5
5
5
5
5
5
5
5
5
5
5
5
5
5
5
5
5
5
5
5
5
5
5
5
5
5
5
5
5
5
5
5
5
5
5
5
5
5
5
5
5
5
5
5
5
5
5
5
5
5
5
5
5
5
5
5
5
5
5
5
5
5
5
5
5
5
5
5
5
5
5
5
5
5
5
5
5
5
5
5
5
5
5
5
5
5
5
5
5
5
5
5
5
5
5
5
5
5
5
5
5
5
5
5
5
5
5
5
5
5
5
5
5
5
5
5
5
5
5
5
5
5
5
5
5
5
5
5
5
5
5
5
5
5
5
5
5
5
5
5
5
5
5
5
5
5
5
5
5
5
5
5
5
5
5
5
5
5
5
5
5
5
5
5
5
5
5
5
5
5
5
5
5
5
5
5
5
5
5
5
5
5
5
5
5
5
5
5
5
5
5
5
5
5
5
5
5
5
5
5
5
5
5
5
5
5
5
5
5
5
5
5
5
5
5
5
5
5
5
5
5
5
5
5
5
5
5
5
5
5
5
5
5
5
5
5
5
5
5
5
5
5
5
5
5
5
5
5
5
5
5
5
5
5
5
5
5
5
5
5
5
5
5
5
5
5
5
5
5
5
5
5
5
5
5
5
5
5
5
5
5
5
5
5
5
5
5
5
5
5
5
5
5
5
5
5
5
5
5
5
5
5
5
5
5
5
5
5
5
5
5
5
5
5
5
5
5
5
5
5
5
5
5
5
5
5
5
5
5
5
5
5
5
5
5
5
5
5
5
5
5
5
5
5
5
5
5
5
5
5
5
5
5
5
5
5
5
5
5
5
5
5
5
5
5
5
5
5
5
5
5
5
5
5
5
5
5
5
5
5
5
5
5
5
5
5
5
5
5
5
5
5
5
5
5
5
5
5
5
5
5
5
5
5
5
5
5
5
5
5
5
5
5
5
5
5
5
5
5
5
5
5
5
5
5
5
5
5
5
5
5
5
5
5
5
5
5
5
5
5
5
5
5
5
5
5
5
5
5
5
5
5
5
5
5
5
5
5
5
5
5
5
5
5
5
5
5
5
5
5
5
5
5
5
5
5
5
5
5
5
5
5
5
5
5
5
5
5
5
5
5
5
5
5
5
5
5
5
5
5
5
5
5
5
5
5
5
5
5
5
5
5
5
5
5
5
5
5
5
5
5
5
5
5
5
5
5
5
5
5
5
5
5
5
5
5
5
5
5
5
5
5
5
5
5
5
5
5
5
5
5
5
5
5
5
5
5
5
5
5
5
5
5
5
5
5
5
5
5
5
5
5
5
5
5
5
5
5
5
5
5
5
5
5
5
5
5
5
5
5
5
5
5
5
5
5
5
5
5
5
5
5
5
5
5
5
5
5
5
5
5
5
5
5
5
5
5
5
5
5
5
5
5
5
5
5
5
5
5
5
5
5
5
5
5
5
5
5
5
5
5
5
5
5
5
5
5
5
5
5
5
5
5
5
5
5
5
5
5
5
5
5
5
5
5
5
5
5
5
5
5
5
5
5
5
5
5
5
5
5
5
5
5
5
5
5
5
5
5
5
5
5
5
5
5
5
5
5
5
5
5
5
5
5
5
5
5
5
5
5
5
5
5
5
5
5
5
5
5
5
5
5
5
5
5
5
5
5
5
5
5
5
5
5
5
5
5
5
5
5
5
5
5
5
5
5
5
5
5
5
5
5
5
5
5
5
5
5
5
5
5
5
5
5
5
5
5
5
5
5
5
5
5
5
5
5
5
5
5
5
5
5
5
5
5
5
5
5
5
5
5
5
5
5
5
5
5
5
5
5
5
5
5
5
5
5
5
5
5
5
5
5
5
5
5
5
5
5
5
5
5
5
5
5
5
5
5
5
5
5
5
5
5
5
5
5
5
5
5
5
5
5
5
5
5
5
5
5
5
5
5
5
5
5
5
5
5
5
5
5
5
5
5
5
5
5
5
5
5
5
5
5
5
5
5
5
5
5
5
5
5
5
5
5
5
5
5
5
5
5
5
5
5
5
5
5
5
5
5
5
5
5
5
5
5
5
5
5
5
5
5
5
5
5
5
5
5
5
5
5
5
5
5
5
5
5
5
5
5
5
5
5
5
5
5
5
5
5
5
5
5
5
5
5
5
5
5
5
5
5
5
5
5
5
5
5
5
5
5
5
5
5
5
5
5
5
5
5
5
5
5
5
5
5
5
5
5
5
5
5
5
5
5
5
5
5
5
5
5
5
5
5
5
5
5
5
5
5
5
5
5
5
5
5
5
5
5
5
5
5
5
5
5
5
5
5
5
5
5
5
5
5
5
5
5
5
5
5
5
5
5
5
5
5
5
5
5
5
5
5
5
5
5
5
5
5
5
5
5
5
5
5
5
5
5
5
5
5
5
5
5
5
5
5
5
5
5
5
5
5
5
5
5
5
5
5
5
5
5
5
5
5
5
5
5
5
5
5
5
5
5
5
5
5
5
5
5
5
5
5
5
5
5
5
5
5
5
5
5
5
5
5
5
5
5
5
5
5
5
5
5
5
5
5
5
5
5
5
5
5
5
5
5
5
5
5
5
5
5
5
5
5
5
5
5
5
5
5
5
5
5
5
5
5
5
5
5
5
5
5
5
5
5
5
5
5
5
5
5
5
5
5
5
5
5
5
5
5
5
5
5
5
5
5
5
5
5
5
5
5
5
5
5
5
5
5
5
5
5
5
5
5
5
5
5
5
5
5
5
5
5
5
5
5
5
5
5
5
5
5
5
5
5
5
5
5
5
5
5
5
5
5
5
5
5
5
5
5
5
5
5
5
5
5
5
5
5
5
5
5
5
5
5
5
5
5
5
5
5
5
5
5
5
5
5
5
5
5
5
5
5
5
5
5
5
5
5
5
5
5
5
5
5
5
5
5
5
5
5
5
5
5
5
5
5
5
5
5
5
5
5
5
5
5
5
5
5
5
5
5
5
5
5
5
5
5
5
5
5
5
5
5
5
5
5
5
5
5
5
5
5
5
5
5
5
5
5
5
5
5
5
5
5
5
5
5
5
5
5
5
5
5
5
5
5
5
5
5
5
5
5
5
5
5
5
5
5
5
5
5
5
5
5
5
5
5
5
5
5
5
5
5
5
5
5
5
5
5
5
5
5
5
5
5
5
5
5
5
5
5
5
5
5
5
5
5
5
5
5
5
5
5
5
5
5
5
5
5
5
5
5
5
5
5
5
5
5
5
5
5
5
5
5
5
5
5
5
5
5
5
5
5
5
5
5
5
5
5
5
5
5
5
5
5
5
5
5
5
5
5
5
5
5
5
5
5
5
5
5
5
5
5
5
5
5
5
5
5
5
5
5
5
5
5
5
5
5
5
5
5
5
5
5
5
5
5
5
5
5
5
5
5
5
5
5
5
5
5
5
5
5
5
5
5
5
5
5
5
5
5
5
5
5
5
5
5
5
5
5
5
5
5
5
5
5
5
5
5
5
5
5
5
5
5
5
5
5
5
5
5
5
5
5
5
5
5
5
5
5
5
5
5
5
5
5
5
5
5
5
5
5
5
5
5
5
5
5
5
5
5
5
5
5
5
5
5
5
5
5
5
5
5
5
5
5
5
5
5
5
5
5
5
5
5
5
5
5
5
5
5
5
5
5
5
5
5
5
5
5
5
5
5
5
5
5
5
5
5
5
5
5
5
5
5
5
5
5
5
5
5
5
5
5
5
5
5
5
5
5
5
5
5
5
5
5
5
5
5
5
5
5
5
5
5
5
5
5
5
5
5
5
5
5
5
5
5
5
5
5
5
5
5
5
5
5
5
5
5
5
5
5
5
5
5
5
5
5
5
5
5
5
5
5
5
5
5
5
5
5
5
5
5
5
5
5
5
5
5
5
5
5
5
5
5
5
5
5
5
5
5
5
5
5
5
5
5
5
5
5
5
5
5
5
5
5
5
5
5
5
5
5
5
5
5
5
5
5
5
5
5
5
5
5
5
5
5
5
5
5
5
5
5
5
5
5
5
5
5
5
5
5
5
5
5
5
5
5
5
5
5
5
5
5
5
5
5
5
5
5
5
5
5
5
5
5
5
5
5
5
5
5
5
5
5
5
5
5
5
5
5
5
5
5
5
5
5
5
5
5
5
5
5
5
5
5
5
5
5
5
5
5
5
5
5
5
5
5
5
5
5
5
5
5
5
5
5
5
5
5
5
5
5
5
5
5
5
5
5
5
5
5
5
5
5
5
5
5
5
5
5
5
5
5
5
5
5
5
5
5
5
5
5
5
5
5
5
5
5
5
5
5
5
5
5
5
5
5
5
5
5
5
5
5
5
5
5
5
5
5
5
5
5
5
5
5
5
5
5
5
5
5
5
5
5
5
5
5
5
5
5
5
5
5
5
5
5
5
5
5
5
5
5
5
5
5
5
5
5
5
5
5
5
5
5
5
5
5
5
5
5
5
5
5
5
5
5
5
5
5
5
5
5
5
5
5
5
5
5
5
5
5
5
5
5
5
5
5
5
5
5
5
5
5
5
5
5
5
5
5
5
5
5
5
5
5
5
5
5
5
5
5
5
5
5
5
5
5
5
5
5
5
5
5
5
5
5
5
5
5
5
5
5
5
5
5
5
5
5
5
5
5
5
5
5
5
5
5
5
5
5
5
5
5
5
5
5
5
5
5
5
5
5
5
5
5
5
5
5
5
5
5
5
5
5
5
5
5
5
5
5
5
5
5
5
5
5
5
5
5
5
5
5
5
5
5
5
5
5
5
5
5
5
5
5
5
5
5
5
5
5
5
5
5
5
5
5
5
5
5
5
5
5
5
5
5
5
5
5
5
5
5
5
5
5
5
5
5
5
5
5
5
5
5
5
5
5
5
5
5
5
5
5
5
5
5
5
5
5
5
5
5
5
5
5
5
5
5
5
5
5
5
5
5
5
5
5
5
5
5
5
5
5
5
5
5
5
5
5
5
5
5
5
5
5
5
5
5
5
5
5
5
5
5
5
5
5
5
5
5
5
5
5
5
5
5
5
5
5
5
5
5
5
5
5
5
5
5
5
5
5
5
5
5
5
5
5
5
5
5
5
5
5
5
5
5
5
5
5
5
5
5
5
5
5
5
5
5
5
5
5
5
5
5
5
5
5
5
5
5
5
5
5
5
5
5
5
5
5
5
5
5
5
5
5
5
5
5
5
5
5
5
5
5
5
5
5
5
5
5
5
5
5
5
5
5
5
5
5
5
5
5
5
5
5
5
5
5
5
5
5
5
5
5
5
5
5
5
5
5
5
5
5
5
5
5
5
5
5
5
5
5
5
5
5
5
5
5
5
5
5
5
5
5
5
5
5
5
5
5
5
5
5
5
5
5
5
5
5
5
5
5
5
5
5
5
5
5
5
5
5
5
5
5
5
5
5
5
5
5
5
5
5
5
5
5
5
5
5
5
5
5
5
5
5
5
5
5
5
5
5
5
5
5
5
5
5
5
5
5
5
5
5
5
5
5
5
5
5
5
5
5
5
5
5
5
5
5
5
5
5
5
5
5
5
5
5
5
5
5
5
5
5
5
5
5
5
5
5
5
5
5
5
5
5
5
5
5
5
5
5
5
5
5
5
5
5
5
5
5
5
5
5
5
5
5
5
5
5
5
5
5
5
5
5
5
5
5
5
5
5
5
5
5
5
5
5
5
5
5
5
5
5
5
5
5
5
5
5
5
5
5
5
5
5
5
5
5
5
5
5
5
5
5
5
5
5
5
5
5
5
5
5
5
5
5
5
5
5
5
5
5
5
5
5
5
5
5
5
5
5
5
5
5
5
5
5
5
5
5
5
5
5
5
5
5
5
5
5
5
5
5
5
5
5
5
5
5
5
5
5
5
5
5
5
5
5
5
5
5
5
5
5
5
5
5
5
5
5
5
5
5
5
5
5
5
5
5
5
5
5
5
5
5
5
5
5
5
5
5
5
5
5
5
5
5
5
5
5
5
5
5
5
5
5
5
5
5
5
5
5
5
5
5
5
5
5
5
5
5
5
5
5
5
5
5
5
5
5
5
5
5
5
5
5
5
5
5
5
5
5
5
5
5
5
5
5
5
5
5
5
5
5
5
5
5
5
5
5
5
5
5
5
5
5
5
5
5
5
5
5
5
5
5
5
5
5
5
5
5
5
5
5
5
5
5
5
5
5
5
5
5
5
5
5
5
5
5
5
5
5
5
5
5
5
5
5
5
5
5
5
5
5
5
5
5
5
5
5
5
5
5
5
5
5
5
5
5
5
5
5
5
5
5
5
5
5
5
5
5
5
5
5
5
5
5
5
5
5
5
5
5
5
5
5
5
5
5
5
5
5
5
5
5
5
5
5
5
5
5
5
5
5
5
5
5
5
5
5
5
5
5
5
5
5
5
5
5
5
5
5
5
5
5
5
5
5
5
5
5
5
5
5
5
5
5
5
5
5
5
5
5
5
5
5
5
5
5
5
5
5
5
5
5
5
5
5
5
5
5
5
5
5
5
5
5
5
5
5
5
5
5
5
5
5
5
5
5
5
5
5
5
5
5
5
5
5
5
5
5
5
5
5
5
5
5
5
5
5
5
5
5
5
5
5
5
5
5
5
5
5
5
5
5
5
5
5
5
5
5
5
5
5
5
5
5
5
5
5
5
5
5
5
5
5
5
5
5
5
5
5
5
5
5
5
5
5
5
5
5
5
5
5
5
5
5
5
5
5
5
5
5
5
5
5
5
5
5
5
5
5
5
5
5
5
5
5
5
5
5
5
5
5
5
5
5
5
5
5
5
5
5
5
5
5
5
5
5
5
5
5
5
5
5
5
5
5
5
5
5
5
5
5
5
5
5
5
5
5
5
5
5
5
5
5
5
5
5
5
5
5
5
5
5
5
5
5
5
5
5
5
5
5
5
5
5
5
5
5
5
5
5
5
5
5
5
5
5
5
5
5
5
5
5
5
5
5
5
5
5
5
5
5
5
5
5
5
5
5
5
5
5
5
5
5
5
5
5
5
5
5
5
5
5
5
5
5
5
5
5
5
5
5
5
5
5
5
5
5
5
5
5
5
5
5
5
5
5
5
5
5
5
5
5
5
5
5
5
5
5
5
5
5
5
5
5
5
5
5
5
5
5
5
5
5
5
5
5
5
5
5
5
5
5
5
5
5
5
5
5
5
5
5
5
5
5
5
5
5
5
5
5
5
5
5
5
5
5
5
5
5
5
5
5
5
5
5
5
5
5
5
5
5
5
5
5
5
5
5
5
5
5
5
5
5
5
5
5
5
5
5
5
5
5
5
5
5
5
5
5
5
5
5
5
5
5
5
5
5
5
5
5
5
5
5
5
5
5
5
5
5
5
5
5
5
5
5
5
5
5
5
5
5
5
5
5
5
5
5
5
5
5
5
5
5
5
5
5
5
5
5
5
5
5
5
5
5
5
5
5
5
5
5
5
5
5
5
5
5
5
5
5
5
5
5
5
5
5
5
5
5
5
5
5
5
5
5
5
5
5
5
5
5
5
5
5
5
5
5
5
5
5
5
5
5
5
5
5
5
5
5
5
5
5
5
5
5
5
5
5
5
5
5
5
5
5
5
5
5
5
5
5
5
5
5
5
5
5
5
5
5
5
5
5
5
5
5
5
5
5
5
5
5
5
5
5
5
5
5
5
5
5
5
5
5
5
5
5
5
5
5
5
5
5
5
5
5
5
5
5
5
5
5
5
5
5
5
5
5
5
5
5
5
5
5
5
5
5
5
5
5
5
5
5
5
5
5
5
5
5
5
5
5
5
5
5
5
5
5
5
5
5
5
5
5
5
5
5
5
5
5
5
5
5
5
5
5
5
5
5
5
5
5
5
5
5
5
5
5
5
5
5
5
5
5
5
5
5
5
5
5
5
5
5
5
5
5
5
5
5
5
5
5
5
5
5
5
5
5
5
5
5
5
5
5
5
5
5
5
5
5
5
5
5
5
5
5
5
5
5
5
5
5
5
5
5
5
5
5
5
5
5
5
5
5
5
5
5
5
5
5
5
5
5
5
5
5
5
5
5
5
5
5
5
5
5
5
5
5
5
5
5
5
5
5
5
5
5
5
5
5
5
5
5
5
5
5
5
5
5
5
5
5
5
5
5
5
5
5
5
5
5
5
5
5
5
5
5
5
5
5
5
5
5
5
5
5
5
5
5
5
5
5
5
5
5
5
5
5
5
5
5
5
5
5
5
5
5
5
5
5
5
5
5
5
5
5
5
5
5
5
5
5
5
5
5
5
5
5
5
5
5
5
5
5
5
5
5
5
5
5
5
5
5
5
5
5
5
5
5
5
5
5
5
5
5
5
5
5
5
5
5
5
5
5
5
5
5
5
5
5
5
5
5
5
5
5
5
5
5
5
5
5
5
5
5
5
5
5
5
5
5
5
5
5
5
5
5
5
5
5
5
5
5
5
5
5
5
5
5
5
5
5
5
5
5
5
5
5
5
5
5
5
5
5
5
5
5
5
5
5
5
5
5
5
5
5
5
5
5
5
5
5
5
5
5
5
5
5
5
5
5
5
5
5
5
5
5
5
5
5
5
5
5
5
5
5
5
5
5
5
5
5
5
5
5
5
5
5
5
5
5
5
5
5
5
5
5
5
5
5
5
5
5
5
5
5
5
5
5
5
5
5
5
5
5
5
5
5
5
5
5
5
5
5
5
5
5
5
5
5
5
5
5
5
5
5
5
5
5
5
5
5
5
5
5
5
5
5
5
5
5
5
5
5
5
5
5
5
5
5
5
5
5
5
5
5
5
5
5
5
5
5
5
5
5
5
5
5
5
5
5
5
5
5
5
5
5
5
5
5
5
5
5
5
5
5
5
5
5
5
5
5
5
5
5
5
5
5
5
5
5
5
5
5
5
5
5
5
5
5
5
5
5
5
5
5
5
5
5
5
5
5
5
5
5
5
5
5
5
5
5
5
5
5
5
5
5
5
5
5
5
5
5
5
5
5
5
5
5
5
5
5
5
5
5
5
5
5
5
5
5
5
5
5
5
5
5
5
5
5
5
5
5
5
5
5
5
5
5
5
5
5
5
5
5
5
5
5
5
5
5
5
5
5
5
5
5
5
5
5
5
5
5
5
5
5
5
5
5
5
5
5
5
5
5
5
5
5
5
5
5
5
5
5
5
5
5
5
5
5
5
5
5
5
5
5
5
5
5
5
5
5
5
5
5
5
5
5
5
5
5
5
5
5
5
5
5
5
5
5
5
5
5
5
5
5
5
5
5
5
5
5
5
5
5
5
5
5
5
5
5
5
5
5
5
5
5
5
5
5
5
5
5
5
5
5
5
5
5
5
5
5
5
5
5
5
5
5
5
5
5
5
5
5
5
5
5
5
5
5
5
5
5
5
5
5
5
5
5
5
5
5
5
5
5
5
5
5
5
5
5
5
5
5
5
5
5
5
5
5
5
5
5
5
5
5
5
5
5
5
5
5
5
5
5
5
5
5
5
5
5
5
5
5
5
5
5
5
5
5
5
5
5
5
5
5
5
5
5
5
5
5
5
5
5
5
5
5
5
5
5
5
5
5
5
5
5
5
5
5
5
5
5
5
5
5
5
5
5
5
5
5
5
5
5
5
5
5
5
5
5
5
5
5
5
5
5
5
5
5
5
5
5
5
5
5
5
5
5
5
5
5
5
5
5
5
5
5
5
5
5
5
5
5
5
5
5
5
5
5
5
5
5
5
5
5
5
5
5
5
5
5
5
5
5
5
5
5
5
5
5
5
5
5
5
5
5
5
5
5
5
5
5
5
5
5
5
5
5
5
5
5
5
5
5
5
5
5
5
5
5
5
5
5
5
5
5
5
5
5
5
5
5
5
5
5
5
5
5
5
5
5
5
5
5
5
5
5
5
5
5
5
5
5
5
5
5
5
5
5
5
5
5
5
5
5
5
5
5
5
5
5
5
5
5
5
5
5
5
5
5
5
5
5
5
5
5
5
5
5
5
5
5
5
5
5
5
5
5
5
5
5
5
5
5
5
5
5
5
5
5
5
5
5
5
5
5
5
5
5
5
5
5
5
5
5
5
5
5
5
5
5
5
5
5
5
5
5
5
5
5
5
5
5
5
5
5
5
5
5
5
5
5
5
5
5
5
5
5
5
5
5
5
5
5
5
5
5
5
5
5
5
5
5
5
5
5
5
5
5
5
5
5
5
5
5
5
5
5
5
5
5
5
5
5
5
5
5
5
5
5
5
5
5
5
5
5
5
5
5
5
5
5
5
5
5
5
5
5
5
5
5
5
5
5
5
5
5
5
5
5
5
5
5
5
5
5
5
5
5
5
5
5
5
5
5
5
5
5
5
5
5
5
5
5
5
5
5
5
5
5
5
5
5
5
5
5
5
5
5
5
5
5
5
5
5
5
5
5
5
5
5
5
5
5
5
5
5
5
5
5
5
5
5
5
5
5
5
5
5
5
5
5
5
5
5
5
5
5
5
5
5
5
5
5
5
5
5
5
5
5
5
5
5
5
5
5
5
5
5
5
5
5
5
5
5
5
5
5
5
5
5
5
5
5
5
5
5
5
5
5
5
5
5
5
5
5
5
5
5
5
5
5
5
5
5
5
5
5
5
5
5
5
5
5
5
5
5
5
5
5
5
5
5
5
5
5
5
5
5
5
5
5
5
5
5
5
5
5
5
5
5
5
5
5
5
5
5
5
5
5
5
5
5
5
5
5
5
5
5
5
5
5
5
5
5
5
5
5
5
5
5
5
5
5
5
5
5
5
5
5
5
5
5
5
5
5
5
5
5
5
5
5
5
5
5
5
5
5
5
5
5
5
5
5
5
5
5
5
5
5
5
5
5
5
5
5
5
5
5
5
5
5
5
5
5
5
5
5
5
5
5
5
5
5
5
5
5
5
5
5
5
5
5
5
5
5
5
5
5
5
5
5
5
5
5
5
5
5
5
5
5
5
5
5
5
5
5
5
5
5
5
5
5
5
5
5
5
5
5
5
5
5
5
5
5
5
5
5
5
5
5
5
5
5
5
5
5
5
5
5
5
5
5
5
5
5
5
5
5
5
5
5
5
5
5
5
5
5
5
5
5
5
5
5
5
5
5
5
5
5
5
5
5
5
5
5
5
5
5
5
5
5
5
5
5
5
5
5
5
5
5
5
5
5
5
5
5
5
5
5
5
5
5
5
5
5
5
5
5
5
5
5
5
5
5
5
5
5
5
5
5
5
5
5
5
5
5
5
5
5
5
5
5
5
5
5
5
5
5
5
5
5
5
5
5
5
5
5
5
5
5
5
5
5
5
5
5
5
5
5
5
5
5
5
5
5
5
5
5
5
5
5
5
5
5
5
5
5
5
5
5
5
5
5
5
5
5
5
5
5
5
5
5
5
5
5
5
5
5
5
5
5
5
5
5
5
5
5
5
5
5
5
5
5
5
5
5
5
5
5
5
5
5
5
5
5
5
5
5
5
5
5
5
5
5
5
5
5
5
5
5
5
5
5
5
5
5
5
5
5
5
5
5
5
5
5
5
5
5
5
5
5
5
5
5
5
5
5
5
5
5
5
5
5
5
5
5
5
5
5
5
5
5
5
5
5
5
5
5
5
5
5
5
5
5
5
5
5
5
5
5
5
5
5
5
5
5
5
5
5
5
5
5
5
5
5
5
5
5
5
5
5
5
5
5
5
5
5
5
5
5
5
5
5
5
5
5
5
5
5
5
5
5
5
5
5
5
5
5
5
5
5
5
5
5
5
5
5
5
5
5
5
5
5
5
5
5
5
5
5
5
5
5
5
5
5
5
5
5
5
5
5
5
5
5
5
5
5
5
5
5
5
5
5
5
5
5
5
5
5
5
5
5
5
5
5
5
5
5
5
5
5
5
5
5
5
5
5
5
5
5
5
5
5
5
5
5
5
5
5
5
5
5
5
5
5
5
5
5
5
5
5
5
5
5
5
5
5
5
5
5
5
5
5
5
5
5
5
5
5
5
5
5
5
5
5
5
5
5
5
5
5
5
5
5
5
5
5
5
5
5
5
5
5
5
5
5
5
5
5
5
5
5
5
5
5
5
5
5
5
5
5
5
5
5
5
5
5
5
5
5
5
5
5
5
5
5
5
5
5
5
5
5
5
5
5
5
5
5
5
5
5
5
5
5
5
5
5
5
5
5
5
5
5
5
5
5
5
5
5
5
5
5
5
5
5
5
5
5
5
5
5
5
5
5
5
5
5
5
5
5
5
5
5
5
5
5
5
5
5
5
5
5
5
5
5
5
5
5
5
5
5
5
5
5
5
5
5
5
5
5
5
5
5
5
5
5
5
5
5
5
5
5
5
5
5
5
5
5
5
5
5
5
5
5
5
5
5
5
5
5
5
5
5
5
5
5
5
5
5
5
5
5
5
5
5
5
5
5
5
5
5
5
5
5
5
5
5
5
5
5
5
5
5
5
5
5
5
5
5
5
5
5
5
5
5
5
5
5
5
5
5
5
5
5
5
5
5
5
5
5
5
5
5
5
5
5
5
5
5
5
5
5
5
5
5
5
5
5
5
5
5
5
5
5
5
5
5
5
5
5
5
5
5
5
5
5
5
5
5
5
5
5
5
5
5
5
5
5
5
5
5
5
5
5
5
5
5
5
5
5
5
5
5
5
5
5
5
5
5
5
5
5
5
5
5
5
5
5
5
5
5
5
5
5
5
5
5
5
5
5
5
5
5
5
5
5
5
5
5
5
5
5
5
5
5
5
5
5
5
5
5
5
5
5
5
5
5
5
5
5
5
5
5
5
5
5
5
5
5
5
5
5
5
5
5
5
5
5
5
5
5
5
5
5
5
5
5
5
5
5
5
5
5
5
5
5
5
5
5
5
5
5
5
5
5
5
5
5
5
5
5
5
5
5
5
5
5
5
5
5
5
5
5
5
5
5
5
5
5
5
5
5
5
5
5
5
5
5
5
5
5
5
5
5
5
5
5
5
5
5
5
5
5
5
5
5
5
5
5
5
5
5
5
5
5
5
5
5
5
5
5
5
5
5
5
5
5
5
5
5
5
5
5
5
5
5
5
5
5
5
5
5
5
5
5
5
5
5
5
5
5
5
5
5
5
5
5
5
5
5
5
5
5
5
5
5
5
5
5
5
5
5
5
5
5
5
5
5
5
5
5
5
5
5
5
5
5
5
5
5
5
5
5
5
5
5
5
5
5
5
5
5
5
5
5
5
5
5
5
5
5
5
5
5
5
5
5
5
5
5
5
5
5
5
5
5
5
5
5
5
5
5
5
5
5
5
5
5
5
5
5
5
5
5
5
5
5
5
5
5
5
5
5
5
5
5
5
5
5
5
5
5
5
5
5
5
5
5
5
5
5
5
5
5
5
5
5
5
5
5
5
5
5
5
5
5
5
5
5
5
5
5
5
5
5
5
5
5
5
5
5
5
5
5
5
5
5
5
5
5
5
5
5
5
5
5
5
5
5
5
5
5
5
5
5
5
5
5
5
5
5
5
5
5
5
5
5
5
5
5
5
5
5
5
5
5
5
5
5
5
5
5
5
5
5
5
5
5
5
5
5
5
5
5
5
5
5
5
5
5
5
5
5
5
5
5
5
5
5
5
5
5
5
5
5
5
5
5
5
5
5
5
5
5
5
5
5
5
5
5
5
5
5
5
5
5
5
5
5
5
5
5
5
5
5
5
5
5
5
5
5
5
5
5
5
5
5
5
5
5
5
5
5
5
5
5
5
5
5
5
5
5
5
5
5
5
5
5
5
5
5
5
5
5
5
5
5
5
5
5
5
5
5
5
5
5
5
5
5
5
5
5
5
5
5
5
5
5
5
5
5
5
5
5
5
5
5
5
5
5
5
5
5
5
5
5
5
5
5
5
5
5
5
5
5
5
5
5
5
5
5
5
5
5
5
5
5
5
5
5
5
5
5
5
5
5
5
5
5
5
5
5
5
5
5
5
5
5
5
5
5
5
5
5
5
5
5
5
5
5
5
5
5
5
5
5
5
5
5
5
5
5
5
5
5
5
5
5
5
5
5
5
5
5
5
5
5
5
5
5
5
5
5
5
5
5
5
5
5
5
5
5
5
5
5
5
5
5
5
5
5
5
5
5
5
5
5
5
5
5
5
5
5
5
5
5
5
5
5
5
5
5
5
5
5
5
5
5
5
5
5
5
5
5
5
5
5
5
5
5
5
5
5
5
5
5
5
5
5
5
5
5
5
5
5
5
5
5
5
5
5
5
5
5
5
5
5
5
5
5
5
5
5
5
5
5
5
5
5
5
5
5
5
5
5
5
5
5
5
5
5
5
5
5
5
5
5
5
5
5
5
5
5
5
5
5
5
5
5
5
5
5
5
5
5
5
5
5
5
5
5
5
5
5
5
5
5
5
5
5
5
5
5
5
5
5
5
5
5
5
5
5
5
5
5
5
5
5
5
5
5
5
5
5
5
5
5
5
5
5
5
5
5
5
5
5
5
5
5
5
5
5
5
5
5
5
5
5
5
5
5
5
5
5
5
5
5
5
5
5
5
5
5
5
5
5
5
5
5
5
5
5
5
5
5
5
5
5
5
5
5
5
5
5
5
5
5
5
5
5
5
5
5
5
5
5
5
5
5
5
5
5
5
5
5
5
5
5
5
5
5
5
5
5
5
5
5
5
5
5
5
5
5
5
5
5
5
5
5
5
5
5
5
5
5
5
5
5
5
5
5
5
5
5
5
5
5
5
5
5
5
5
5
5
5
5
5
5
5
5
5
5
5
5
5
5
5
5
5
5
5
5
5
5
5
5
5
5
5
5
5
5
5
5
5
5
5
5
5
5
5
5
5
5
5
5
5
5
5
5
5
5
5
5
5
5
5
5
5
5
5
5
5
5
5
5

CELL_DATA 8021
SCALARS Density float 1
LOOKUP_TABLE default
